player,team,position,week,proj
Russell Wilson,SEA,QB,1,21.02
Andrew Luck,IND,QB,1,20.71
Aaron Rodgers,GB,QB,1,20.34
Drew Brees,NO,QB,1,19.68
Derek Carr,OAK,QB,1,18.68
Matthew Stafford,DET,QB,1,18.01
Cam Newton,CAR,QB,1,17.66
Eli Manning,NYG,QB,1,17.34
Ben Roethlisberger,PIT,QB,1,17.2
Blake Bortles,JAX,QB,1,16.98
Tyrod Taylor,BUF,QB,1,16.91
Carson Palmer,ARI,QB,1,16.73
Jameis Winston,TB,QB,1,16.73
Alex Smith,KC,QB,1,16.65
Kirk Cousins,WAS,QB,1,16.58
Matt Ryan,ATL,QB,1,16.57
Brock Osweiler,HOU,QB,1,16.2
Marcus Mariota,TEN,QB,1,15.85
Dak Prescott,DAL,QB,1,15.51
Ryan Fitzpatrick,NYJ,QB,1,15.16
Philip Rivers,SD,QB,1,15.06
Andy Dalton,CIN,QB,1,14.77
Robert Griffin III,CLE,QB,1,14.46
Joe Flacco,BAL,QB,1,14.31
Jay Cutler,CHI,QB,1,13.81
Ryan Tannehill,MIA,QB,1,12.6
Jimmy Garoppolo,NE,QB,1,12.59
Carson Wentz,PHI,QB,1,12.51
Blaine Gabbert,SF,QB,1,12.12
Case Keenum,LA,QB,1,11.87
Shaun Hill,MIN,QB,1,10.67
Trevor Siemian,DEN,QB,1,9.92
Todd Gurley,LA,RB,1,15.42
Lamar Miller,HOU,RB,1,14.32
David Johnson,ARI,RB,1,13.97
Adrian Peterson,MIN,RB,1,13.76
DeAngelo Williams,PIT,RB,1,13.19
LeSean McCoy,BUF,RB,1,13.01
Ezekiel Elliott,DAL,RB,1,12.79
Mark Ingram,NO,RB,1,12.35
Devonta Freeman,ATL,RB,1,12.12
Spencer Ware,KC,RB,1,11.42
Eddie Lacy,GB,RB,1,11.37
Doug Martin,TB,RB,1,11.21
Latavius Murray,OAK,RB,1,11.14
Ryan Mathews,PHI,RB,1,10.39
Frank Gore,IND,RB,1,10.35
CJ Anderson,DEN,RB,1,10.33
Matt Forte,NYJ,RB,1,10.21
Rashad Jennings,NYG,RB,1,9.94
Jeremy Langford,CHI,RB,1,9.69
Carlos Hyde,SF,RB,1,9.36
DeMarco Murray,TEN,RB,1,9.02
Arian Foster,MIA,RB,1,9
Ameer Abdullah,DET,RB,1,8.93
Jonathan Stewart,CAR,RB,1,8.87
Christine Michael,SEA,RB,1,8.73
Jeremy Hill,CIN,RB,1,8.69
TJ Yeldon,JAX,RB,1,8.6
Giovani Bernard,CIN,RB,1,8.25
Justin Forsett,BAL,RB,1,8.19
Matt Jones,WAS,RB,1,8.08
Isaiah Crowell,CLE,RB,1,8.01
Melvin Gordon,SD,RB,1,7.92
Duke Johnson,CLE,RB,1,7.65
Danny Woodhead,SD,RB,1,7.53
Charles Sims,TB,RB,1,7.06
Charcandrick West,KC,RB,1,6.78
LeGarrette Blount,NE,RB,1,6.55
Derrick Henry,TEN,RB,1,6.52
Bilal Powell,NYJ,RB,1,6.45
Theo Riddick,DET,RB,1,6.12
Thomas Rawls,SEA,RB,1,6.09
Shane Vereen,NYG,RB,1,6.01
Terrance West,BAL,RB,1,5.9
James Starks,GB,RB,1,5.88
James White,NE,RB,1,5.79
Tevin Coleman,ATL,RB,1,5.73
Darren Sproles,PHI,RB,1,5.58
Devontae Booker,DEN,RB,1,4.71
Deandre Washington,OAK,RB,1,4.67
Chris Johnson,ARI,RB,1,4.19
Antonio Brown,PIT,WR,1,15.17
Julio Jones,ATL,WR,1,14.8
Odell Beckham Jr,NYG,WR,1,13.47
DeAndre Hopkins,HOU,WR,1,12.74
Amari Cooper,OAK,WR,1,11.67
Allen Robinson,JAX,WR,1,10.96
Dez Bryant,DAL,WR,1,10.68
TY Hilton,IND,WR,1,10.62
AJ Green,CIN,WR,1,10.59
Brandon Marshall,NYJ,WR,1,10.47
Jordy Nelson,GB,WR,1,10.42
Sammy Watkins,BUF,WR,1,10.34
Mike Evans,TB,WR,1,10.31
Brandin Cooks,NO,WR,1,10.11
Randall Cobb,GB,WR,1,9.75
Doug Baldwin,SEA,WR,1,9.71
Eric Decker,NYJ,WR,1,9.68
Keenan Allen,SD,WR,1,9.6
Alshon Jeffery,CHI,WR,1,9.57
Donte Moncrief,IND,WR,1,9.55
Jeremy Maclin,KC,WR,1,9.47
Michael Crabtree,OAK,WR,1,9.11
DeSean Jackson,WAS,WR,1,9.06
Michael Floyd,ARI,WR,1,9.03
Jarvis Landry,MIA,WR,1,8.85
Demaryius Thomas,DEN,WR,1,8.76
Golden Tate,DET,WR,1,8.46
Larry Fitzgerald,ARI,WR,1,8.45
Marvin Jones,DET,WR,1,8.09
Jordan Matthews,PHI,WR,1,8.03
Allen Hurns,JAX,WR,1,8
Tyler Lockett,SEA,WR,1,7.85
Emmanuel Sanders,DEN,WR,1,7.45
John Brown,ARI,WR,1,7.42
Tavon Austin,LA,WR,1,7.33
Julian Edelman,NE,WR,1,7.32
Torrey Smith,SF,WR,1,7.26
Vincent Jackson,TB,WR,1,7.19
Corey Coleman,CLE,WR,1,7.09
Willie Snead,NO,WR,1,7.07
Kelvin Benjamin,CAR,WR,1,6.99
Stefon Diggs,MIN,WR,1,6.81
Sterling Shepard,NYG,WR,1,6.69
Steve Smith,BAL,WR,1,6.5
Kamar Aiken,BAL,WR,1,6.45
Mohamed Sanu,ATL,WR,1,6.43
Rishard Matthews,TEN,WR,1,6.4
Pierre Garcon,WAS,WR,1,6.33
Will Fuller,HOU,WR,1,6.33
Phillip Dorsett,IND,WR,1,6.28
Jordan Reed,WAS,TE,1,9.06
Travis Kelce,KC,TE,1,8.91
Greg Olsen,CAR,TE,1,8.5
Coby Fleener,NO,TE,1,8.42
Gary Barnidge,CLE,TE,1,7.79
Martellus Bennett,NE,TE,1,7.67
Delanie Walker,TEN,TE,1,7.31
Eric Ebron,DET,TE,1,6.72
Jason Witten,DAL,TE,1,6.71
Zach Ertz,PHI,TE,1,6.62
Antonio Gates,SD,TE,1,6.51
Dwayne Allen,IND,TE,1,6.27
Julius Thomas,JAX,TE,1,6.11
Jared Cook,GB,TE,1,6.05
Zach Miller,CHI,TE,1,6.03
Clive Walford,OAK,TE,1,5.63
Charles Clay,BUF,TE,1,5.62
Jordan Cameron,MIA,TE,1,5.52
Tyler Kroft,CIN,TE,1,5.43
Jimmy Graham,SEA,TE,1,5.33
Vance McDonald,SF,TE,1,4.88
Jesse James,PIT,TE,1,4.67
Crockett Gillmore,BAL,TE,1,4.66
Kyle Rudolph,MIN,TE,1,4.49
Jacob Tamme,ATL,TE,1,4.09
Cameron Brate,TB,TE,1,3.79
Austin Seferian-Jenkins,TB,TE,1,3.78
Virgil Green,DEN,TE,1,3.76
Will Tye,NYG,TE,1,3.74
Josh Hill,NO,TE,1,3.72
Anthony Fasano,TEN,TE,1,3.53
Lance Kendricks,LA,TE,1,3.48
Steven Hauschka,SEA,K,1,8.9
Chandler Catanzaro,ARI,K,1,8.8
Chris Boswell,PIT,K,1,8.8
Nick Novak,HOU,K,1,8.8
Justin Tucker,BAL,K,1,8.7
Randy Bullock,NYG,K,1,8.7
Cairo Santos,KC,K,1,8.6
Mason Crosby,GB,K,1,8.6
Dan Bailey,DAL,K,1,8.5
Matt Bryant,ATL,K,1,8.3
Stephen Gostkowski,NE,K,1,8.1
Graham Gano,CAR,K,1,8
Matt Prater,DET,K,1,7.8
Dustin Hopkins,WAS,K,1,7.8
Blair Walsh,MIN,K,1,7.7
Mike Nugent,CIN,K,1,7.5
Patrick Murray,CLE,K,1,7.5
Roberto Aguayo,TB,K,1,7.5
Dan Carpenter,BUF,K,1,7.4
Jason Myers,JAX,K,1,7.4
Greg Zuerlein,LA,K,1,7.4
Brandon McManus,DEN,K,1,7.4
Nick Folk,NYJ,K,1,7.1
Phil Dawson,SF,K,1,7
Connor Barth,CHI,K,1,7
Andrew Franks,MIA,K,1,7
Josh Lambo,SD,K,1,7
Adam Vinatieri,IND,K,1,6.7
Sebastian Janikowski,OAK,K,1,6.5
Caleb Sturgis,PHI,K,1,6.3
Ryan Succop,TEN,K,1,4.9
Kai Forbath,NO,K,1,3.7
Seattle Seahawks,SEA,DST,1,10.5
Carolina Panthers,CAR,DST,1,9.8
Houston Texans,HOU,DST,1,9.7
Philadelphia Eagles,PHI,DST,1,9.4
Minnesota Vikings,MIN,DST,1,9.2
Arizona Cardinals,ARI,DST,1,9.1
Kansas City Chiefs,KC,DST,1,8.6
Cincinnati Bengals,CIN,DST,1,8.5
Los Angeles Rams,LA,DST,1,8.1
Denver Broncos,DEN,DST,1,7.8
Tennessee Titans,TEN,DST,1,7.6
Buffalo Bills,BUF,DST,1,7.2
Baltimore Ravens,BAL,DST,1,7.2
San Francisco 49ers,SF,DST,1,7
Cleveland Browns,CLE,DST,1,7
Pittsburgh Steelers,PIT,DST,1,6.9
Jacksonville Jaguars,JAX,DST,1,6.9
New England Patriots,NE,DST,1,6.8
Detroit Lions,DET,DST,1,6.8
New York Giants,NYG,DST,1,6.6
Chicago Bears,CHI,DST,1,6.6
Washington Redskins,WAS,DST,1,6.5
Tampa Bay Buccaneers,TB,DST,1,6.4
Dallas Cowboys,DAL,DST,1,6
Indianapolis Colts,IND,DST,1,5.8
Atlanta Falcons,ATL,DST,1,5.3
San Diego Chargers,SD,DST,1,5.1
New Orleans Saints,NO,DST,1,4.9
Green Bay Packers,GB,DST,1,4.5
New York Jets,NYJ,DST,1,3
Miami Dolphins,MIA,DST,1,1.9
Oakland Raiders,OAK,DST,1,1.2
Cam Newton,CAR,QB,2,23.1
Drew Brees,NO,QB,2,21.65
Carson Palmer,ARI,QB,2,20.96
Eli Manning,NYG,QB,2,19.93
Aaron Rodgers,GB,QB,2,18.56
Matthew Stafford,DET,QB,2,18.38
Blake Bortles,JAX,QB,2,17.9
Derek Carr,OAK,QB,2,17.86
Ben Roethlisberger,PIT,QB,2,17.81
Russell Wilson,SEA,QB,2,17.81
Philip Rivers,SD,QB,2,17.66
Marcus Mariota,TEN,QB,2,17.45
Kirk Cousins,WAS,QB,2,17.31
Matt Ryan,ATL,QB,2,16.87
Andrew Luck,IND,QB,2,16.38
Ryan Fitzpatrick,NYJ,QB,2,16.03
Andy Dalton,CIN,QB,2,15.94
Joe Flacco,BAL,QB,2,15.36
Tyrod Taylor,BUF,QB,2,15.1
Carson Wentz,PHI,QB,2,14.83
Ryan Tannehill,MIA,QB,2,14.81
Jay Cutler,CHI,QB,2,14.78
Jameis Winston,TB,QB,2,14.75
Dak Prescott,DAL,QB,2,13.4
Josh McCown,CLE,QB,2,12.96
Jimmy Garoppolo,NE,QB,2,12.57
Alex Smith,KC,QB,2,11.87
Trevor Siemian,DEN,QB,2,11.65
Sam Bradford,MIN,QB,2,11.61
Brock Osweiler,HOU,QB,2,11.56
Blaine Gabbert,SF,QB,2,10.68
Case Keenum,LA,QB,2,9.09
David Johnson,ARI,RB,2,14.92
CJ Anderson,DEN,RB,2,13.79
DeAngelo Williams,PIT,RB,2,13.64
Adrian Peterson,MIN,RB,2,13.08
Lamar Miller,HOU,RB,2,12.87
Matt Forte,NYJ,RB,2,12.55
Jeremy Langford,CHI,RB,2,12.39
Rashad Jennings,NYG,RB,2,12.34
LeSean McCoy,BUF,RB,2,12.18
Mark Ingram,NO,RB,2,12.18
Ezekiel Elliott,DAL,RB,2,12.14
TJ Yeldon,JAX,RB,2,12
Spencer Ware,KC,RB,2,11.75
DeMarco Murray,TEN,RB,2,11.6
Jonathan Stewart,CAR,RB,2,10.86
Devonta Freeman,ATL,RB,2,10.77
Doug Martin,TB,RB,2,10.74
Latavius Murray,OAK,RB,2,10.6
Ameer Abdullah,DET,RB,2,10.6
LeGarrette Blount,NE,RB,2,10.57
Todd Gurley,LA,RB,2,10.5
Eddie Lacy,GB,RB,2,10.44
Thomas Rawls,SEA,RB,2,10.32
Arian Foster,MIA,RB,2,10
Danny Woodhead,SD,RB,2,9.7
Carlos Hyde,SF,RB,2,9.56
Ryan Mathews,PHI,RB,2,9.46
Justin Forsett,BAL,RB,2,9.13
Melvin Gordon,SD,RB,2,9.01
Matt Jones,WAS,RB,2,9.01
Isaiah Crowell,CLE,RB,2,8.62
Theo Riddick,DET,RB,2,8.61
Jeremy Hill,CIN,RB,2,8.32
Giovani Bernard,CIN,RB,2,7.95
Frank Gore,IND,RB,2,7.87
Shane Vereen,NYG,RB,2,7.71
Terrance West,BAL,RB,2,7.47
Tevin Coleman,ATL,RB,2,7.47
Duke Johnson,CLE,RB,2,7.04
James White,NE,RB,2,6.39
Charles Sims,TB,RB,2,6.1
Christine Michael,SEA,RB,2,5.96
Darren Sproles,PHI,RB,2,5.82
Derrick Henry,TEN,RB,2,5.76
Chris Thompson,WAS,RB,2,5.64
Bilal Powell,NYJ,RB,2,5.57
Devontae Booker,DEN,RB,2,5.57
Ka'Deem Carey,CHI,RB,2,4.83
Shaun Draughn,SF,RB,2,4.67
James Starks,GB,RB,2,4.52
Odell Beckham Jr,NYG,WR,2,14.55
Julio Jones,ATL,WR,2,14.45
Antonio Brown,PIT,WR,2,13.98
DeAndre Hopkins,HOU,WR,2,12.18
AJ Green,CIN,WR,2,12.15
Brandin Cooks,NO,WR,2,11.51
Mike Evans,TB,WR,2,11.25
Allen Robinson,JAX,WR,2,11
Amari Cooper,OAK,WR,2,10.84
Doug Baldwin,SEA,WR,2,10.81
Larry Fitzgerald,ARI,WR,2,10.62
Kelvin Benjamin,CAR,WR,2,10.53
Alshon Jeffery,CHI,WR,2,10.49
Jordy Nelson,GB,WR,2,10.16
Julian Edelman,NE,WR,2,10.09
Jordan Matthews,PHI,WR,2,9.94
Dez Bryant,DAL,WR,2,9.91
Randall Cobb,GB,WR,2,9.56
Demaryius Thomas,DEN,WR,2,9.55
Jarvis Landry,MIA,WR,2,9.37
DeSean Jackson,WAS,WR,2,8.97
Brandon Marshall,NYJ,WR,2,8.84
Willie Snead,NO,WR,2,8.49
Jeremy Maclin,KC,WR,2,8.41
Travis Benjamin,SD,WR,2,8.38
Eric Decker,NYJ,WR,2,8.37
Stefon Diggs,MIN,WR,2,8.31
TY Hilton,IND,WR,2,8.3
Golden Tate,DET,WR,2,8.27
Marvin Jones,DET,WR,2,8.22
Michael Floyd,ARI,WR,2,8.19
Emmanuel Sanders,DEN,WR,2,7.95
Michael Crabtree,OAK,WR,2,7.94
Allen Hurns,JAX,WR,2,7.72
Tajae Sharpe,TEN,WR,2,7.3
Steve Smith,BAL,WR,2,7.25
Sammy Watkins,BUF,WR,2,7.23
Sterling Shepard,NYG,WR,2,7.17
Vincent Jackson,TB,WR,2,7.15
Pierre Garcon,WAS,WR,2,7.01
Terrelle Pryor,CLE,WR,2,6.78
Torrey Smith,SF,WR,2,6.57
Corey Coleman,CLE,WR,2,6.53
Donte Moncrief,IND,WR,2,6.47
Will Fuller,HOU,WR,2,6.47
John Brown,ARI,WR,2,6.42
Terrance Williams,DAL,WR,2,6.39
Rishard Matthews,TEN,WR,2,6.09
Mohamed Sanu,ATL,WR,2,5.91
Tyler Lockett,SEA,WR,2,5.89
Jordan Reed,WAS,TE,2,9.96
Delanie Walker,TEN,TE,2,8.88
Antonio Gates,SD,TE,2,8.82
Greg Olsen,CAR,TE,2,8.11
Julius Thomas,JAX,TE,2,7.4
Gary Barnidge,CLE,TE,2,7.3
Brent Celek,PHI,TE,2,7.16
Travis Kelce,KC,TE,2,7
Zach Miller,CHI,TE,2,6.8
Larry Donnell,NYG,TE,2,6.02
Martellus Bennett,NE,TE,2,5.67
Coby Fleener,NO,TE,2,5.63
Jason Witten,DAL,TE,2,5.3
Jimmy Graham,SEA,TE,2,5.18
Eric Ebron,DET,TE,2,5.12
Dwayne Allen,IND,TE,2,4.97
Vance McDonald,SF,TE,2,4.67
Tyler Kroft,CIN,TE,2,4.65
Kyle Rudolph,MIN,TE,2,4.51
Will Tye,NYG,TE,2,4.43
Jack Doyle,IND,TE,2,4.24
Virgil Green,DEN,TE,2,4.17
Jesse James,PIT,TE,2,4.07
CJ Uzomah,CIN,TE,2,3.88
Richard Rodgers,GB,TE,2,3.82
Dennis Pitta,BAL,TE,2,3.74
Darren Fells,ARI,TE,2,3.65
Charles Clay,BUF,TE,2,3.51
Austin Seferian-Jenkins,TB,TE,2,3.47
Jacob Tamme,ATL,TE,2,3.43
Clive Walford,OAK,TE,2,3.29
Ryan Griffin,HOU,TE,2,3.25
Justin Tucker,BAL,K,2,8.1
Stephen Gostkowski,NE,K,2,8
Chris Boswell,PIT,K,2,7.8
Josh Lambo,SD,K,2,7.8
Steven Hauschka,SEA,K,2,7.7
Mason Crosby,GB,K,2,7.6
Graham Gano,CAR,K,2,7.5
Dustin Hopkins,WAS,K,2,7.5
Wil Lutz,NO,K,2,7.4
Josh Brown,NYG,K,2,7.3
Matt Bryant,ATL,K,2,7.3
Blair Walsh,MIN,K,2,7.3
Chandler Catanzaro,ARI,K,2,7.3
Brandon McManus,DEN,K,2,7.2
Matt Prater,DET,K,2,7.1
Mike Nugent,CIN,K,2,7.1
Dan Bailey,DAL,K,2,7
Andrew Franks,MIA,K,2,6.9
Ryan Succop,TEN,K,2,6.8
Patrick Murray,CLE,K,2,6.8
Nick Folk,NYJ,K,2,6.7
Adam Vinatieri,IND,K,2,6.6
Jason Myers,JAX,K,2,6.6
Roberto Aguayo,TB,K,2,6.6
Dan Carpenter,BUF,K,2,6.5
Sebastian Janikowski,OAK,K,2,6.3
Cairo Santos,KC,K,2,6.1
Connor Barth,CHI,K,2,5.9
Caleb Sturgis,PHI,K,2,5.9
Nick Novak,HOU,K,2,5.8
Phil Dawson,SF,K,2,4.9
Greg Zuerlein,LA,K,2,4.8
Carolina Panthers,CAR,DST,2,9.7
Denver Broncos,DEN,DST,2,9.7
New England Patriots,NE,DST,2,8.5
Houston Texans,HOU,DST,2,8.2
Detroit Lions,DET,DST,2,7.8
New York Jets,NYJ,DST,2,7.7
Baltimore Ravens,BAL,DST,2,7.7
Kansas City Chiefs,KC,DST,2,7.4
Pittsburgh Steelers,PIT,DST,2,7.1
San Diego Chargers,SD,DST,2,7.1
Arizona Cardinals,ARI,DST,2,7
Minnesota Vikings,MIN,DST,2,6.9
Oakland Raiders,OAK,DST,2,6.9
Philadelphia Eagles,PHI,DST,2,6.8
Cincinnati Bengals,CIN,DST,2,6.7
Indianapolis Colts,IND,DST,2,6.6
Green Bay Packers,GB,DST,2,6.6
Jacksonville Jaguars,JAX,DST,2,6.3
Chicago Bears,CHI,DST,2,6.3
Washington Redskins,WAS,DST,2,6.3
Buffalo Bills,BUF,DST,2,6
Cleveland Browns,CLE,DST,2,5.9
Los Angeles Rams,LA,DST,2,5.9
Miami Dolphins,MIA,DST,2,5.8
Tennessee Titans,TEN,DST,2,5.5
Dallas Cowboys,DAL,DST,2,5.4
Atlanta Falcons,ATL,DST,2,5.3
Tampa Bay Buccaneers,TB,DST,2,5.2
New York Giants,NYG,DST,2,4.7
San Francisco 49ers,SF,DST,2,4.5
New Orleans Saints,NO,DST,2,4.1
Seattle Seahawks,SEA,DST,2,3.5
Aaron Rodgers,GB,QB,3,21.66
Drew Brees,NO,QB,3,20.61
Cam Newton,CAR,QB,3,20.02
Matt Ryan,ATL,QB,3,19.63
Carson Palmer,ARI,QB,3,19.47
Russell Wilson,SEA,QB,3,19.14
Ben Roethlisberger,PIT,QB,3,18.69
Eli Manning,NYG,QB,3,18.19
Andrew Luck,IND,QB,3,18.1
Philip Rivers,SD,QB,3,17.39
Ryan Tannehill,MIA,QB,3,17.32
Matthew Stafford,DET,QB,3,17.31
Derek Carr,OAK,QB,3,17.19
Marcus Mariota,TEN,QB,3,16.96
Kirk Cousins,WAS,QB,3,16.49
Joe Flacco,BAL,QB,3,15.87
Blake Bortles,JAX,QB,3,15.87
Brock Osweiler,HOU,QB,3,15.55
Dak Prescott,DAL,QB,3,15.22
Andy Dalton,CIN,QB,3,14.75
Jameis Winston,TB,QB,3,14.66
Tyrod Taylor,BUF,QB,3,14.5
Alex Smith,KC,QB,3,14.26
Brian Hoyer,CHI,QB,3,14.17
Carson Wentz,PHI,QB,3,14
Ryan Fitzpatrick,NYJ,QB,3,13.97
Jacoby Brissett,NE,QB,3,12.58
Trevor Siemian,DEN,QB,3,12.38
Case Keenum,LA,QB,3,12.13
Sam Bradford,MIN,QB,3,11.93
Cody Kessler,CLE,QB,3,11.44
Blaine Gabbert,SF,QB,3,9.76
DeAngelo Williams,PIT,RB,3,17.57
David Johnson,ARI,RB,3,15.27
Todd Gurley,LA,RB,3,13.69
CJ Anderson,DEN,RB,3,13.08
Ezekiel Elliott,DAL,RB,3,13.06
Matt Forte,NYJ,RB,3,12.74
Melvin Gordon,SD,RB,3,12.67
LeSean McCoy,BUF,RB,3,12.56
Mark Ingram,NO,RB,3,12.3
Lamar Miller,HOU,RB,3,12.28
DeMarco Murray,TEN,RB,3,11.97
Christine Michael,SEA,RB,3,11.8
Spencer Ware,KC,RB,3,11.69
Charles Sims,TB,RB,3,11.67
Eddie Lacy,GB,RB,3,11.66
Frank Gore,IND,RB,3,11.53
Devonta Freeman,ATL,RB,3,11.52
Jeremy Langford,CHI,RB,3,10.52
Shane Vereen,NYG,RB,3,10.48
Isaiah Crowell,CLE,RB,3,10.44
Latavius Murray,OAK,RB,3,10.4
LeGarrette Blount,NE,RB,3,9.9
Tevin Coleman,ATL,RB,3,9.54
Theo Riddick,DET,RB,3,9.32
Jerick McKinnon,MIN,RB,3,9.01
Justin Forsett,BAL,RB,3,8.78
Terrance West,BAL,RB,3,8.46
Carlos Hyde,SF,RB,3,8.22
TJ Yeldon,JAX,RB,3,8.22
Kenyan Drake,MIA,RB,3,8.1
Jeremy Hill,CIN,RB,3,7.86
Orleans Darkwa,NYG,RB,3,7.8
Matt Jones,WAS,RB,3,7.78
Ryan Mathews,PHI,RB,3,7.69
Jay Ajayi,MIA,RB,3,7.53
Jordan Howard,CHI,RB,3,7.33
Giovani Bernard,CIN,RB,3,7.07
Darren Sproles,PHI,RB,3,6.89
Derrick Henry,TEN,RB,3,6.71
Chris Ivory,JAX,RB,3,6.7
Cameron Artis-Payne,CAR,RB,3,6.63
Fozzy Whittaker,CAR,RB,3,6.5
Charcandrick West,KC,RB,3,6.41
Duke Johnson,CLE,RB,3,6.38
Matt Asiata,MIN,RB,3,6.37
Chris Thompson,WAS,RB,3,5.46
Jacquizz Rodgers,TB,RB,3,5.29
James Starks,GB,RB,3,5.19
James White,NE,RB,3,4.99
Bilal Powell,NYJ,RB,3,4.8
Julio Jones,ATL,WR,3,15.73
Odell Beckham Jr,NYG,WR,3,14.97
DeAndre Hopkins,HOU,WR,3,13.09
Antonio Brown,PIT,WR,3,12.98
Larry Fitzgerald,ARI,WR,3,12.19
AJ Green,CIN,WR,3,12.18
Jordy Nelson,GB,WR,3,11.08
Allen Robinson,JAX,WR,3,10.78
Alshon Jeffery,CHI,WR,3,10.75
Brandin Cooks,NO,WR,3,10.53
Jarvis Landry,MIA,WR,3,10.05
Stefon Diggs,MIN,WR,3,9.95
TY Hilton,IND,WR,3,9.87
Kelvin Benjamin,CAR,WR,3,9.82
Randall Cobb,GB,WR,3,9.65
Dez Bryant,DAL,WR,3,9.53
Mike Evans,TB,WR,3,9.48
Jeremy Maclin,KC,WR,3,9.42
Eric Decker,NYJ,WR,3,9.15
Marvin Jones,DET,WR,3,9.15
Amari Cooper,OAK,WR,3,9.13
Tajae Sharpe,TEN,WR,3,9.07
Travis Benjamin,SD,WR,3,9.05
DeSean Jackson,WAS,WR,3,8.98
Jordan Matthews,PHI,WR,3,8.72
Phillip Dorsett,IND,WR,3,8.51
Doug Baldwin,SEA,WR,3,8.35
Julian Edelman,NE,WR,3,8.27
Michael Crabtree,OAK,WR,3,8.11
Demaryius Thomas,DEN,WR,3,8.08
Emmanuel Sanders,DEN,WR,3,7.9
Golden Tate,DET,WR,3,7.83
Devante Parker,MIA,WR,3,7.81
Will Fuller,HOU,WR,3,7.73
Michael Floyd,ARI,WR,3,7.16
Sterling Shepard,NYG,WR,3,7.14
Allen Hurns,JAX,WR,3,6.85
Terrelle Pryor,CLE,WR,3,6.59
Kenny Britt,LA,WR,3,6.54
Pierre Garcon,WAS,WR,3,6.4
Robert Woods,BUF,WR,3,6.4
Steve Smith,BAL,WR,3,6.33
Mike Wallace,BAL,WR,3,6.29
Tavon Austin,LA,WR,3,6.29
Tyrell Williams,SD,WR,3,6.22
Vincent Jackson,TB,WR,3,6.2
Tyler Lockett,SEA,WR,3,6.01
Brandon Marshall,NYJ,WR,3,5.9
Victor Cruz,NYG,WR,3,5.7
Kevin White,CHI,WR,3,5.65
Jordan Reed,WAS,TE,3,11.26
Rob Gronkowski,NE,TE,3,10.17
Greg Olsen,CAR,TE,3,8.09
Eric Ebron,DET,TE,3,7.05
Travis Kelce,KC,TE,3,6.31
Gary Barnidge,CLE,TE,3,6.2
Hunter Henry,SD,TE,3,5.94
Julius Thomas,JAX,TE,3,5.93
Jacob Tamme,ATL,TE,3,5.81
Dwayne Allen,IND,TE,3,5.69
Jason Witten,DAL,TE,3,5.59
Coby Fleener,NO,TE,3,5.56
Martellus Bennett,NE,TE,3,5.55
Vance McDonald,SF,TE,3,5.51
Larry Donnell,NYG,TE,3,5.47
Richard Rodgers,GB,TE,3,5.41
Brent Celek,PHI,TE,3,5.35
Jesse James,PIT,TE,3,5
Dennis Pitta,BAL,TE,3,4.84
Zach Miller,CHI,TE,3,4.73
Cameron Brate,TB,TE,3,4.48
Clive Walford,OAK,TE,3,3.92
Jordan Cameron,MIA,TE,3,3.88
Kyle Rudolph,MIN,TE,3,3.87
Jimmy Graham,SEA,TE,3,3.82
Tyler Kroft,CIN,TE,3,3.7
Jack Doyle,IND,TE,3,3.64
Charles Clay,BUF,TE,3,3.57
Darren Fells,ARI,TE,3,3.44
Jeff Heuerman,DEN,TE,3,3.43
Lance Kendricks,LA,TE,3,3.33
Will Tye,NYG,TE,3,3.3
Josh Brown,NYG,K,3,8.1
Justin Tucker,BAL,K,3,8
Stephen Gostkowski,NE,K,3,7.8
Wil Lutz,NO,K,3,7.8
Mason Crosby,GB,K,3,7.7
Graham Gano,CAR,K,3,7.7
Sebastian Janikowski,OAK,K,3,7.6
Matt Bryant,ATL,K,3,7.6
Josh Lambo,SD,K,3,7.6
Dustin Hopkins,WAS,K,3,7.4
Steven Hauschka,SEA,K,3,7.3
Adam Vinatieri,IND,K,3,7.1
Jason Myers,JAX,K,3,7.1
Dan Bailey,DAL,K,3,7
Chris Boswell,PIT,K,3,7
Nick Folk,NYJ,K,3,6.8
Cody Parkey,CLE,K,3,6.8
Cairo Santos,KC,K,3,6.8
Chandler Catanzaro,ARI,K,3,6.8
Mike Nugent,CIN,K,3,6.7
Roberto Aguayo,TB,K,3,6.7
Nick Novak,HOU,K,3,6.6
Brandon McManus,DEN,K,3,6.6
Caleb Sturgis,PHI,K,3,6.5
Matt Prater,DET,K,3,6.4
Dan Carpenter,BUF,K,3,6.4
Blair Walsh,MIN,K,3,6.4
Greg Zuerlein,LA,K,3,6.4
Andrew Franks,MIA,K,3,6.3
Phil Dawson,SF,K,3,6.2
Ryan Succop,TEN,K,3,5.9
Connor Barth,CHI,K,3,5.9
Carolina Panthers,CAR,DST,3,9.1
Denver Broncos,DEN,DST,3,8.9
Miami Dolphins,MIA,DST,3,8.6
New England Patriots,NE,DST,3,8.6
Seattle Seahawks,SEA,DST,3,8.5
Cincinnati Bengals,CIN,DST,3,8.3
Philadelphia Eagles,PHI,DST,3,7.2
Washington Redskins,WAS,DST,3,7.1
Minnesota Vikings,MIN,DST,3,7
Oakland Raiders,OAK,DST,3,7
Dallas Cowboys,DAL,DST,3,6.8
New York Giants,NYG,DST,3,6.6
San Diego Chargers,SD,DST,3,6.4
Tampa Bay Buccaneers,TB,DST,3,6.4
Detroit Lions,DET,DST,3,6.3
Cleveland Browns,CLE,DST,3,6.3
Jacksonville Jaguars,JAX,DST,3,6.3
Chicago Bears,CHI,DST,3,5.9
Buffalo Bills,BUF,DST,3,5.9
Indianapolis Colts,IND,DST,3,5.5
Tennessee Titans,TEN,DST,3,5.3
New Orleans Saints,NO,DST,3,5.2
San Francisco 49ers,SF,DST,3,4.8
Pittsburgh Steelers,PIT,DST,3,3.3
Kansas City Chiefs,KC,DST,3,3.2
Green Bay Packers,GB,DST,3,3.1
Arizona Cardinals,ARI,DST,3,3
Baltimore Ravens,BAL,DST,3,2.9
New York Jets,NYJ,DST,3,2.7
Houston Texans,HOU,DST,3,2.6
Los Angeles Rams,LA,DST,3,2.1
Atlanta Falcons,ATL,DST,3,0.3
Cam Newton,CAR,QB,4,22.5
Drew Brees,NO,QB,4,21.04
Matthew Stafford,DET,QB,4,19.85
Andrew Luck,IND,QB,4,19.23
Philip Rivers,SD,QB,4,19.21
Kirk Cousins,WAS,QB,4,18.55
Andy Dalton,CIN,QB,4,18.44
Carson Palmer,ARI,QB,4,17.88
Ben Roethlisberger,PIT,QB,4,17.82
Russell Wilson,SEA,QB,4,17.23
Blake Bortles,JAX,QB,4,16.36
Joe Flacco,BAL,QB,4,16.17
Derek Carr,OAK,QB,4,15.96
Matt Ryan,ATL,QB,4,15.67
Brock Osweiler,HOU,QB,4,15.56
Trevor Siemian,DEN,QB,4,15.38
Tyrod Taylor,BUF,QB,4,14.9
Dak Prescott,DAL,QB,4,14.78
Alex Smith,KC,QB,4,14.64
Sam Bradford,MIN,QB,4,14.49
Blaine Gabbert,SF,QB,4,14.27
Brian Hoyer,CHI,QB,4,14.25
Ryan Tannehill,MIA,QB,4,14.13
Eli Manning,NYG,QB,4,13.86
Jameis Winston,TB,QB,4,13.44
Cody Kessler,CLE,QB,4,12.84
Ryan Fitzpatrick,NYJ,QB,4,12.63
Marcus Mariota,TEN,QB,4,12.48
Jacoby Brissett,NE,QB,4,8.89
Case Keenum,LA,QB,4,8.23
Colin Kaepernick,SF,QB,4,0.84
Jared Goff,LA,QB,4,0.84
David Johnson,ARI,RB,4,15.89
Lamar Miller,HOU,RB,4,15.76
Le'Veon Bell,PIT,RB,4,15.08
Ezekiel Elliott,DAL,RB,4,14.93
Melvin Gordon,SD,RB,4,14.55
LeGarrette Blount,NE,RB,4,13.95
Mark Ingram,NO,RB,4,12.87
CJ Anderson,DEN,RB,4,12.7
Todd Gurley,LA,RB,4,12.27
LeSean McCoy,BUF,RB,4,12.13
Carlos Hyde,SF,RB,4,12.07
Jordan Howard,CHI,RB,4,11.92
Frank Gore,IND,RB,4,11.55
DeMarco Murray,TEN,RB,4,11.16
Spencer Ware,KC,RB,4,11.08
Jeremy Hill,CIN,RB,4,11.07
Matt Forte,NYJ,RB,4,10.88
Christine Michael,SEA,RB,4,10.84
Charles Sims,TB,RB,4,10.47
Jerick McKinnon,MIN,RB,4,9.89
Isaiah Crowell,CLE,RB,4,9.84
Devonta Freeman,ATL,RB,4,9.71
Theo Riddick,DET,RB,4,9.63
Matt Jones,WAS,RB,4,9.36
Latavius Murray,OAK,RB,4,8.83
Cameron Artis-Payne,CAR,RB,4,8.75
Dwayne Washington,DET,RB,4,8.52
Chris Ivory,JAX,RB,4,8.4
Terrance West,BAL,RB,4,8.38
Tevin Coleman,ATL,RB,4,8.15
Orleans Darkwa,NYG,RB,4,8.03
Duke Johnson,CLE,RB,4,7.95
Giovani Bernard,CIN,RB,4,7.94
TJ Yeldon,JAX,RB,4,6.87
Jamaal Charles,KC,RB,4,6.6
Shaun Draughn,SF,RB,4,6.18
Matt Asiata,MIN,RB,4,6.12
Fozzy Whittaker,CAR,RB,4,5.93
Kenyan Drake,MIA,RB,4,5.75
Chris Thompson,WAS,RB,4,5.62
James White,NE,RB,4,4.88
Joique Bell,CHI,RB,4,4.68
Bobby Rainey,NYG,RB,4,4.64
Bilal Powell,NYJ,RB,4,4.48
Derrick Henry,TEN,RB,4,4.47
Dexter McCluster,SD,RB,4,4.4
Alex Collins,SEA,RB,4,4.33
Jay Ajayi,MIA,RB,4,4.28
Deandre Washington,OAK,RB,4,4.17
Alfred Morris,DAL,RB,4,4.02
AJ Green,CIN,WR,4,14.34
Antonio Brown,PIT,WR,4,13.03
Allen Robinson,JAX,WR,4,12.98
DeAndre Hopkins,HOU,WR,4,12.54
Julio Jones,ATL,WR,4,12.29
Odell Beckham Jr,NYG,WR,4,11.87
Brandin Cooks,NO,WR,4,11.81
TY Hilton,IND,WR,4,11.71
Demaryius Thomas,DEN,WR,4,11.29
Alshon Jeffery,CHI,WR,4,11.28
Doug Baldwin,SEA,WR,4,10.9
Kelvin Benjamin,CAR,WR,4,10.82
Larry Fitzgerald,ARI,WR,4,10.7
Marvin Jones,DET,WR,4,10.62
Mike Evans,TB,WR,4,10.35
Brandon Marshall,NYJ,WR,4,9.77
Stefon Diggs,MIN,WR,4,9.71
Willie Snead,NO,WR,4,9.67
Jarvis Landry,MIA,WR,4,9.49
Emmanuel Sanders,DEN,WR,4,9.19
Julian Edelman,NE,WR,4,9.08
Travis Benjamin,SD,WR,4,8.92
Amari Cooper,OAK,WR,4,8.91
Jeremy Maclin,KC,WR,4,8.5
Quincy Enunwa,NYJ,WR,4,8.31
DeSean Jackson,WAS,WR,4,8.25
Cole Beasley,DAL,WR,4,8.09
Will Fuller,HOU,WR,4,7.94
Phillip Dorsett,IND,WR,4,7.72
Pierre Garcon,WAS,WR,4,7.7
Michael Crabtree,OAK,WR,4,7.64
Michael Floyd,ARI,WR,4,7.63
Robert Woods,BUF,WR,4,7.56
Golden Tate,DET,WR,4,7.46
Terrance Williams,DAL,WR,4,7.33
Jamison Crowder,WAS,WR,4,7.33
Tajae Sharpe,TEN,WR,4,7.23
Terrelle Pryor,CLE,WR,4,7.2
Tyrell Williams,SD,WR,4,7.06
Mike Wallace,BAL,WR,4,6.98
Allen Hurns,JAX,WR,4,6.95
Sterling Shepard,NYG,WR,4,6.94
Devante Parker,MIA,WR,4,6.63
Kevin White,CHI,WR,4,6.51
Brandon LaFell,CIN,WR,4,6.34
Kenny Britt,LA,WR,4,6.17
Steve Smith,BAL,WR,4,6.15
Markus Wheaton,PIT,WR,4,6.12
Torrey Smith,SF,WR,4,6
Victor Cruz,NYG,WR,4,5.47
Jordan Reed,WAS,TE,4,10.83
Greg Olsen,CAR,TE,4,9.74
Rob Gronkowski,NE,TE,4,8.25
Zach Miller,CHI,TE,4,8.1
Delanie Walker,TEN,TE,4,6.91
Travis Kelce,KC,TE,4,6.9
Coby Fleener,NO,TE,4,6.8
Gary Barnidge,CLE,TE,4,6.79
Kyle Rudolph,MIN,TE,4,6.19
Hunter Henry,SD,TE,4,5.91
Jacob Tamme,ATL,TE,4,5.78
Dwayne Allen,IND,TE,4,5.71
Cameron Brate,TB,TE,4,5.43
Jimmy Graham,SEA,TE,4,5.22
Jason Witten,DAL,TE,4,5.2
Dennis Pitta,BAL,TE,4,5.17
Tyler Kroft,CIN,TE,4,4.95
Larry Donnell,NYG,TE,4,4.74
Eric Ebron,DET,TE,4,4.7
Martellus Bennett,NE,TE,4,4.3
Jack Doyle,IND,TE,4,4.27
Clive Walford,OAK,TE,4,3.87
Jeff Heuerman,DEN,TE,4,3.87
Jesse James,PIT,TE,4,3.86
Charles Clay,BUF,TE,4,3.53
Darren Fells,ARI,TE,4,3.47
Dion Sims,MIA,TE,4,3.43
John Phillips,DEN,TE,4,3.22
Lance Kendricks,LA,TE,4,3.18
Will Tye,NYG,TE,4,3.09
Ryan Griffin,HOU,TE,4,3.05
Marcedes Lewis,JAX,TE,4,2.66
Stephen Gostkowski,NE,K,4,8.6
Matt Prater,DET,K,4,8.3
Mike Nugent,CIN,K,4,8.2
Justin Tucker,BAL,K,4,8.1
Blair Walsh,MIN,K,4,8
Matt Bryant,ATL,K,4,7.9
Nick Novak,HOU,K,4,7.9
Chandler Catanzaro,ARI,K,4,7.9
Graham Gano,CAR,K,4,7.8
Steven Hauschka,SEA,K,4,7.6
Dustin Hopkins,WAS,K,4,7.6
Jason Myers,JAX,K,4,7.6
Josh Lambo,SD,K,4,7.5
Wil Lutz,NO,K,4,7.5
Josh Brown,NYG,K,4,7.3
Dan Bailey,DAL,K,4,7.2
Adam Vinatieri,IND,K,4,7
Brandon McManus,DEN,K,4,6.9
Dan Carpenter,BUF,K,4,6.7
Chris Boswell,PIT,K,4,6.7
Cairo Santos,KC,K,4,6.7
Cody Parkey,CLE,K,4,6.6
Sebastian Janikowski,OAK,K,4,6.3
Nick Folk,NYJ,K,4,6.3
Phil Dawson,SF,K,4,6
Connor Barth,CHI,K,4,6
Andrew Franks,MIA,K,4,6
Ryan Succop,TEN,K,4,5.7
Greg Zuerlein,LA,K,4,5.5
Roberto Aguayo,TB,K,4,5.5
Robbie Gould,CHI,K,4,0
Randy Bullock,NYG,K,4,0
Arizona Cardinals,ARI,DST,4,9.2
Minnesota Vikings,MIN,DST,4,9.1
Denver Broncos,DEN,DST,4,9
Houston Texans,HOU,DST,4,9
Washington Redskins,WAS,DST,4,8.9
Seattle Seahawks,SEA,DST,4,8.3
Cincinnati Bengals,CIN,DST,4,8.3
Carolina Panthers,CAR,DST,4,7.4
New England Patriots,NE,DST,4,7.4
Indianapolis Colts,IND,DST,4,6.9
Los Angeles Rams,LA,DST,4,6.8
Dallas Cowboys,DAL,DST,4,6.7
Oakland Raiders,OAK,DST,4,6.6
Jacksonville Jaguars,JAX,DST,4,6.6
Pittsburgh Steelers,PIT,DST,4,6.6
Kansas City Chiefs,KC,DST,4,6.5
New York Jets,NYJ,DST,4,6.4
Tampa Bay Buccaneers,TB,DST,4,6.1
San Diego Chargers,SD,DST,4,6
San Francisco 49ers,SF,DST,4,6
Miami Dolphins,MIA,DST,4,5.8
Tennessee Titans,TEN,DST,4,5.8
New York Giants,NYG,DST,4,5.8
Cleveland Browns,CLE,DST,4,5.7
Buffalo Bills,BUF,DST,4,5.6
Atlanta Falcons,ATL,DST,4,5.4
New Orleans Saints,NO,DST,4,5.2
Chicago Bears,CHI,DST,4,5.2
Baltimore Ravens,BAL,DST,4,2.1
Detroit Lions,DET,DST,4,1.8
Aaron Rodgers,GB,QB,5,20.83
Tom Brady,NE,QB,5,20.74
Ben Roethlisberger,PIT,QB,5,19.76
Andrew Luck,IND,QB,5,18.93
Andy Dalton,CIN,QB,5,17.97
Derek Carr,OAK,QB,5,17.17
Philip Rivers,SD,QB,5,17.13
Carson Wentz,PHI,QB,5,16.91
Marcus Mariota,TEN,QB,5,16.18
Dak Prescott,DAL,QB,5,16.18
Eli Manning,NYG,QB,5,15.84
Tyrod Taylor,BUF,QB,5,15.79
Matt Ryan,ATL,QB,5,15.73
Ryan Tannehill,MIA,QB,5,15.72
Joe Flacco,BAL,QB,5,15.61
Matthew Stafford,DET,QB,5,15.45
Derek Anderson,CAR,QB,5,15.15
Paxton Lynch,DEN,QB,5,15.09
Kirk Cousins,WAS,QB,5,14.62
Ryan Fitzpatrick,NYJ,QB,5,14.35
Brian Hoyer,CHI,QB,5,13.57
Sam Bradford,MIN,QB,5,12.74
Jameis Winston,TB,QB,5,12.7
Blaine Gabbert,SF,QB,5,12.21
Brock Osweiler,HOU,QB,5,12.05
Drew Stanton,ARI,QB,5,11.54
Cody Kessler,CLE,QB,5,11.47
Case Keenum,LA,QB,5,11.45
Matt Cassel,TEN,QB,5,0.83
Jimmy Garoppolo,NE,QB,5,0.82
Kellen Clemens,SD,QB,5,0.81
Colt McCoy,WAS,QB,5,0.81
Le'Veon Bell,PIT,RB,5,15.61
David Johnson,ARI,RB,5,15.45
DeMarco Murray,TEN,RB,5,14.42
CJ Anderson,DEN,RB,5,14.28
Melvin Gordon,SD,RB,5,14.12
Ezekiel Elliott,DAL,RB,5,13.92
LeGarrette Blount,NE,RB,5,13.87
Todd Gurley,LA,RB,5,13.75
Frank Gore,IND,RB,5,13.45
Jordan Howard,CHI,RB,5,12.94
LeSean McCoy,BUF,RB,5,12.08
Matt Forte,NYJ,RB,5,11.75
Lamar Miller,HOU,RB,5,11.17
Theo Riddick,DET,RB,5,11.03
Terrance West,BAL,RB,5,11.02
Eddie Lacy,GB,RB,5,10.52
Jerick McKinnon,MIN,RB,5,10.52
Carlos Hyde,SF,RB,5,10.32
Devonta Freeman,ATL,RB,5,9.51
Deandre Washington,OAK,RB,5,9.37
Isaiah Crowell,CLE,RB,5,9.33
Matt Jones,WAS,RB,5,9.21
Jeremy Hill,CIN,RB,5,8.99
Jay Ajayi,MIA,RB,5,8.08
Cameron Artis-Payne,CAR,RB,5,8.06
Giovani Bernard,CIN,RB,5,7.98
Jacquizz Rodgers,TB,RB,5,7.82
Ryan Mathews,PHI,RB,5,7.78
Jalen Richard,OAK,RB,5,7.57
Fozzy Whittaker,CAR,RB,5,7.25
Darren Sproles,PHI,RB,5,7.08
Orleans Darkwa,NYG,RB,5,6.96
Duke Johnson,CLE,RB,5,6.74
James White,NE,RB,5,6.68
Tevin Coleman,ATL,RB,5,5.95
Bilal Powell,NYJ,RB,5,5.92
Bobby Rainey,NYG,RB,5,5.51
Josh Ferguson,IND,RB,5,4.78
Zach Zenner,DET,RB,5,4.67
Derrick Henry,TEN,RB,5,4.57
Matt Asiata,MIN,RB,5,4.56
Kenneth Dixon,BAL,RB,5,4.48
Joique Bell,CHI,RB,5,4.48
Chris Thompson,WAS,RB,5,4.42
Devontae Booker,DEN,RB,5,4.22
Alfred Morris,DAL,RB,5,4.01
Javorius Allen,BAL,RB,5,3.76
Wendell Smallwood,PHI,RB,5,3.62
Peyton Barber,TB,RB,5,3.53
James Starks,GB,RB,5,3.49
Antonio Brown,PIT,WR,5,13.14
Julio Jones,ATL,WR,5,11.84
AJ Green,CIN,WR,5,11.83
Odell Beckham Jr,NYG,WR,5,11.66
Jordy Nelson,GB,WR,5,11.37
Kelvin Benjamin,CAR,WR,5,11.09
Demaryius Thomas,DEN,WR,5,10.97
Mike Evans,TB,WR,5,10.93
Larry Fitzgerald,ARI,WR,5,10.74
TY Hilton,IND,WR,5,10.34
Amari Cooper,OAK,WR,5,10.09
Brandon Marshall,NYJ,WR,5,9.85
Alshon Jeffery,CHI,WR,5,9.81
Jarvis Landry,MIA,WR,5,9.8
DeAndre Hopkins,HOU,WR,5,9.79
Emmanuel Sanders,DEN,WR,5,9.65
Jordan Matthews,PHI,WR,5,9.63
Marvin Jones,DET,WR,5,9.51
Michael Crabtree,OAK,WR,5,9.06
Julian Edelman,NE,WR,5,8.85
Steve Smith,BAL,WR,5,8.73
Randall Cobb,GB,WR,5,8.46
Travis Benjamin,SD,WR,5,8.36
DeSean Jackson,WAS,WR,5,7.77
Will Fuller,HOU,WR,5,7.66
Terrelle Pryor,CLE,WR,5,7.47
Quincy Enunwa,NYJ,WR,5,7.41
Michael Floyd,ARI,WR,5,7.3
Sterling Shepard,NYG,WR,5,7.09
Mike Wallace,BAL,WR,5,7.06
Cole Beasley,DAL,WR,5,6.94
Eddie Royal,CHI,WR,5,6.88
Tajae Sharpe,TEN,WR,5,6.59
Robert Woods,BUF,WR,5,6.54
Brandon LaFell,CIN,WR,5,6.5
Marquise Goodwin,BUF,WR,5,6.35
Adam Thielen,MIN,WR,5,6.3
John Brown,ARI,WR,5,6.29
Terrance Williams,DAL,WR,5,6.25
Devante Parker,MIA,WR,5,6.19
Phillip Dorsett,IND,WR,5,6.13
Tyrell Williams,SD,WR,5,6.08
Jamison Crowder,WAS,WR,5,5.96
Pierre Garcon,WAS,WR,5,5.87
Vincent Jackson,TB,WR,5,5.65
Golden Tate,DET,WR,5,5.45
Anquan Boldin,DET,WR,5,5.44
Kenny Britt,LA,WR,5,5.4
Dontrelle Inman,SD,WR,5,5.13
Tavon Austin,LA,WR,5,5
Jordan Reed,WAS,TE,5,10.2
Rob Gronkowski,NE,TE,5,8.48
Greg Olsen,CAR,TE,5,8.45
Delanie Walker,TEN,TE,5,7.92
Zach Ertz,PHI,TE,5,7.24
Cameron Brate,TB,TE,5,7.16
Gary Barnidge,CLE,TE,5,6.87
Jason Witten,DAL,TE,5,6.66
Antonio Gates,SD,TE,5,6.22
Martellus Bennett,NE,TE,5,6.12
Zach Miller,CHI,TE,5,6.11
Dwayne Allen,IND,TE,5,5.57
Richard Rodgers,GB,TE,5,4.94
Kyle Rudolph,MIN,TE,5,4.77
Dennis Pitta,BAL,TE,5,4.7
Tyler Kroft,CIN,TE,5,4.67
Will Tye,NYG,TE,5,4.48
Jesse James,PIT,TE,5,4.33
Jacob Tamme,ATL,TE,5,4.27
Jack Doyle,IND,TE,5,4.25
Hunter Henry,SD,TE,5,3.93
Brent Celek,PHI,TE,5,3.9
Charles Clay,BUF,TE,5,3.76
Dion Sims,MIA,TE,5,3.59
Lance Kendricks,LA,TE,5,3.42
Ryan Griffin,HOU,TE,5,3.09
Garrett Celek,SF,TE,5,2.99
Austin Hooper,ATL,TE,5,2.5
Crockett Gillmore,BAL,TE,5,2.38
Jermaine Gresham,ARI,TE,5,2.28
Cole Wick,DET,TE,5,2.01
Mychal Rivera,OAK,TE,5,1.88
Stephen Gostkowski,NE,K,5,8.6
Mike Nugent,CIN,K,5,8
Mason Crosby,GB,K,5,7.7
Graham Gano,CAR,K,5,7.7
Justin Tucker,BAL,K,5,7.6
Caleb Sturgis,PHI,K,5,7.6
Brandon McManus,DEN,K,5,7.5
Chandler Catanzaro,ARI,K,5,7.4
Dan Bailey,DAL,K,5,7.3
Blair Walsh,MIN,K,5,7.3
Chris Boswell,PIT,K,5,7.3
Adam Vinatieri,IND,K,5,7.2
Andrew Franks,MIA,K,5,7.2
Josh Brown,NYG,K,5,7.1
Dustin Hopkins,WAS,K,5,7.1
Nick Folk,NYJ,K,5,6.9
Sebastian Janikowski,OAK,K,5,6.8
Matt Bryant,ATL,K,5,6.8
Nick Novak,HOU,K,5,6.6
Josh Lambo,SD,K,5,6.6
Greg Zuerlein,LA,K,5,6.5
Matt Prater,DET,K,5,6.2
Dan Carpenter,BUF,K,5,6.1
Phil Dawson,SF,K,5,6.1
Ryan Succop,TEN,K,5,6
Roberto Aguayo,TB,K,5,6
Cody Parkey,CLE,K,5,5.8
Connor Barth,CHI,K,5,5.5
Jordan Gay,BUF,K,5,0
Patrick Murray,CLE,K,5,0
New England Patriots,NE,DST,5,9.3
Minnesota Vikings,MIN,DST,5,9.1
Philadelphia Eagles,PHI,DST,5,8.3
Arizona Cardinals,ARI,DST,5,8.2
Buffalo Bills,BUF,DST,5,7.7
Pittsburgh Steelers,PIT,DST,5,7.6
Denver Broncos,DEN,DST,5,7.5
Green Bay Packers,GB,DST,5,7.4
Washington Redskins,WAS,DST,5,6.9
Los Angeles Rams,LA,DST,5,6.9
Tampa Bay Buccaneers,TB,DST,5,6.6
San Francisco 49ers,SF,DST,5,6.6
New York Jets,NYJ,DST,5,6.5
Oakland Raiders,OAK,DST,5,6.5
Houston Texans,HOU,DST,5,6.3
Cincinnati Bengals,CIN,DST,5,6.3
Chicago Bears,CHI,DST,5,6.1
New York Giants,NYG,DST,5,6
Baltimore Ravens,BAL,DST,5,5.9
Tennessee Titans,TEN,DST,5,5.7
Detroit Lions,DET,DST,5,5.7
Indianapolis Colts,IND,DST,5,5.6
Atlanta Falcons,ATL,DST,5,5.3
San Diego Chargers,SD,DST,5,5.1
Dallas Cowboys,DAL,DST,5,5
Cleveland Browns,CLE,DST,5,4.3
Carolina Panthers,CAR,DST,5,4
Miami Dolphins,MIA,DST,5,1.9
Cam Newton,CAR,QB,6,22.22
Tom Brady,NE,QB,6,20.76
Russell Wilson,SEA,QB,6,20.49
Aaron Rodgers,GB,QB,6,20.35
Ben Roethlisberger,PIT,QB,6,19.97
Drew Brees,NO,QB,6,18.49
Blake Bortles,JAX,QB,6,17.6
Matthew Stafford,DET,QB,6,17.53
Andrew Luck,IND,QB,6,17.23
Carson Palmer,ARI,QB,6,17.01
Matt Ryan,ATL,QB,6,16.98
Alex Smith,KC,QB,6,16.92
Carson Wentz,PHI,QB,6,16.82
Tyrod Taylor,BUF,QB,6,16.54
Andy Dalton,CIN,QB,6,16.5
Dak Prescott,DAL,QB,6,16.34
Trevor Siemian,DEN,QB,6,15.79
Derek Carr,OAK,QB,6,15.56
Marcus Mariota,TEN,QB,6,15.5
Joe Flacco,BAL,QB,6,15.42
Kirk Cousins,WAS,QB,6,15.24
Brian Hoyer,CHI,QB,6,15.21
Eli Manning,NYG,QB,6,14.76
Colin Kaepernick,SF,QB,6,14.41
Brock Osweiler,HOU,QB,6,13.9
Philip Rivers,SD,QB,6,13.52
Case Keenum,LA,QB,6,13.48
Ryan Tannehill,MIA,QB,6,13.38
Ryan Fitzpatrick,NYJ,QB,6,12.66
Cody Kessler,CLE,QB,6,12.45
Nick Foles,KC,QB,6,0.85
Jared Goff,LA,QB,6,0.82
Le'Veon Bell,PIT,RB,6,19.87
DeMarco Murray,TEN,RB,6,17.44
David Johnson,ARI,RB,6,16.24
LeSean McCoy,BUF,RB,6,15.74
Todd Gurley,LA,RB,6,15.55
Lamar Miller,HOU,RB,6,14.5
Jordan Howard,CHI,RB,6,13.82
CJ Anderson,DEN,RB,6,13.4
Ezekiel Elliott,DAL,RB,6,13.39
Christine Michael,SEA,RB,6,12.47
Carlos Hyde,SF,RB,6,12.35
Eddie Lacy,GB,RB,6,12.15
Melvin Gordon,SD,RB,6,11.68
Mark Ingram,NO,RB,6,11.63
LeGarrette Blount,NE,RB,6,11.52
Isaiah Crowell,CLE,RB,6,10.97
Frank Gore,IND,RB,6,10.86
Matt Forte,NYJ,RB,6,10.8
Jonathan Stewart,CAR,RB,6,10.66
Ryan Mathews,PHI,RB,6,10.19
Devonta Freeman,ATL,RB,6,10.01
Jamaal Charles,KC,RB,6,9.97
Matt Jones,WAS,RB,6,9.62
TJ Yeldon,JAX,RB,6,9.4
Terrance West,BAL,RB,6,8.79
Arian Foster,MIA,RB,6,8.78
Spencer Ware,KC,RB,6,8.34
Deandre Washington,OAK,RB,6,8.2
Jeremy Hill,CIN,RB,6,7.89
Rashad Jennings,NYG,RB,6,7.82
Jalen Richard,OAK,RB,6,7.74
Tevin Coleman,ATL,RB,6,7.54
Giovani Bernard,CIN,RB,6,7.32
Darren Sproles,PHI,RB,6,7.23
Duke Johnson,CLE,RB,6,7
James White,NE,RB,6,6.9
Justin Forsett,DET,RB,6,6.56
Devontae Booker,DEN,RB,6,5.8
Chris Ivory,JAX,RB,6,5.79
Bilal Powell,NYJ,RB,6,5.73
Fozzy Whittaker,CAR,RB,6,4.76
Bobby Rainey,NYG,RB,6,4.51
Chris Thompson,WAS,RB,6,4.44
Jamize Olawale,OAK,FB,6,4.43
Jay Ajayi,MIA,RB,6,4.35
Derrick Henry,TEN,RB,6,4.34
Mike Gillislee,BUF,RB,6,3.81
Orleans Darkwa,NYG,RB,6,3.72
CJ Spiller,SEA,RB,6,3.38
Zach Zenner,DET,RB,6,3.26
Antonio Brown,PIT,WR,6,13.49
DeAndre Hopkins,HOU,WR,6,13.12
Allen Robinson,JAX,WR,6,12.11
Jordy Nelson,GB,WR,6,11.76
Julio Jones,ATL,WR,6,11.58
TY Hilton,IND,WR,6,11.15
Amari Cooper,OAK,WR,6,11.13
Odell Beckham Jr,NYG,WR,6,11.04
Doug Baldwin,SEA,WR,6,10.76
AJ Green,CIN,WR,6,10.74
Kelvin Benjamin,CAR,WR,6,10.47
Marvin Jones,DET,WR,6,10.44
Brandon Marshall,NYJ,WR,6,10.42
Jordan Matthews,PHI,WR,6,10.11
Larry Fitzgerald,ARI,WR,6,9.86
Alshon Jeffery,CHI,WR,6,9.74
Demaryius Thomas,DEN,WR,6,9.66
Julian Edelman,NE,WR,6,9.57
Emmanuel Sanders,DEN,WR,6,9.31
Brandin Cooks,NO,WR,6,9.25
Randall Cobb,GB,WR,6,9.22
Jeremy Maclin,KC,WR,6,9.2
Michael Crabtree,OAK,WR,6,8.63
Jarvis Landry,MIA,WR,6,8.61
Willie Snead,NO,WR,6,8.52
Terrelle Pryor,CLE,WR,6,8.26
DeSean Jackson,WAS,WR,6,8.18
Quincy Enunwa,NYJ,WR,6,7.66
Mike Wallace,BAL,WR,6,7.62
Travis Benjamin,SD,WR,6,7.26
Michael Floyd,ARI,WR,6,7.18
John Brown,ARI,WR,6,7.11
Anquan Boldin,DET,WR,6,6.5
Tajae Sharpe,TEN,WR,6,6.49
Jeremy Kerley,SF,WR,6,6.48
Robert Woods,BUF,WR,6,6.43
Pierre Garcon,WAS,WR,6,6.33
Tavon Austin,LA,WR,6,6.32
Jamison Crowder,WAS,WR,6,6.23
Allen Hurns,JAX,WR,6,6.21
Cole Beasley,DAL,WR,6,6.2
Brian Quick,LA,WR,6,6.07
Marquise Goodwin,BUF,WR,6,6.07
Kenny Britt,LA,WR,6,6.05
Golden Tate,DET,WR,6,6.05
Rishard Matthews,TEN,WR,6,5.88
Tyrell Williams,SD,WR,6,5.82
Sammie Coates,PIT,WR,6,5.8
Chris Hogan,NE,WR,6,5.71
Sterling Shepard,NYG,WR,6,5.69
Greg Olsen,CAR,TE,6,10.18
Delanie Walker,TEN,TE,6,8.94
Rob Gronkowski,NE,TE,6,8.85
Martellus Bennett,NE,TE,6,8.24
Gary Barnidge,CLE,TE,6,8.03
Travis Kelce,KC,TE,6,7.43
Antonio Gates,SD,TE,6,7.34
Jimmy Graham,SEA,TE,6,7.32
Zach Ertz,PHI,TE,6,6.14
Zach Miller,CHI,TE,6,6.01
Coby Fleener,NO,TE,6,5.73
Vernon Davis,WAS,TE,6,5.56
Dennis Pitta,BAL,TE,6,5.24
Richard Rodgers,GB,TE,6,4.97
Jesse James,PIT,TE,6,4.97
Hunter Henry,SD,TE,6,4.85
Jacob Tamme,ATL,TE,6,4.33
Julius Thomas,JAX,TE,6,4.29
Dwayne Allen,IND,TE,6,4.22
Vance McDonald,SF,TE,6,4.19
Lance Kendricks,LA,TE,6,4.01
Charles Clay,BUF,TE,6,3.83
Virgil Green,DEN,TE,6,3.75
Jason Witten,DAL,TE,6,3.74
Crockett Gillmore,BAL,TE,6,3.35
Larry Donnell,NYG,TE,6,3.33
Dion Sims,MIA,TE,6,3.32
Will Tye,NYG,TE,6,3.29
Jack Doyle,IND,TE,6,3.16
Clive Walford,OAK,TE,6,2.8
Tyler Kroft,CIN,TE,6,2.73
Brent Celek,PHI,TE,6,2.66
Caleb Sturgis,PHI,K,6,8.7
Stephen Gostkowski,NE,K,6,8.4
Chris Boswell,PIT,K,6,8.1
Steven Hauschka,SEA,K,6,8
Mason Crosby,GB,K,6,7.6
Mike Nugent,CIN,K,6,7.5
Greg Zuerlein,LA,K,6,7.4
Dustin Hopkins,WAS,K,6,7.4
Dan Carpenter,BUF,K,6,7.3
Graham Gano,CAR,K,6,7.3
Wil Lutz,NO,K,6,7.3
Matt Bryant,ATL,K,6,7.1
Justin Tucker,BAL,K,6,7.1
Chandler Catanzaro,ARI,K,6,7.1
Dan Bailey,DAL,K,6,7
Matt Prater,DET,K,6,6.9
Sebastian Janikowski,OAK,K,6,6.9
Nick Folk,NYJ,K,6,6.9
Cody Parkey,CLE,K,6,6.8
Josh Brown,NYG,K,6,6.7
Brandon McManus,DEN,K,6,6.7
Jason Myers,JAX,K,6,6.7
Adam Vinatieri,IND,K,6,6.6
Phil Dawson,SF,K,6,6.4
Ryan Succop,TEN,K,6,6.4
Nick Novak,HOU,K,6,6.3
Cairo Santos,KC,K,6,6
Andrew Franks,MIA,K,6,5.9
Connor Barth,CHI,K,6,5.8
Josh Lambo,SD,K,6,5.5
Jordan Gay,BUF,K,6,0
Patrick Murray,CLE,K,6,0
Arizona Cardinals,ARI,DST,6,10.5
Denver Broncos,DEN,DST,6,9.2
Buffalo Bills,BUF,DST,6,8.6
Philadelphia Eagles,PHI,DST,6,8.4
Tennessee Titans,TEN,DST,6,8.4
Pittsburgh Steelers,PIT,DST,6,8
New England Patriots,NE,DST,6,8
New York Jets,NYJ,DST,6,7.3
Oakland Raiders,OAK,DST,6,7.1
Los Angeles Rams,LA,DST,6,6.8
Baltimore Ravens,BAL,DST,6,6.6
Chicago Bears,CHI,DST,6,6.6
Seattle Seahawks,SEA,DST,6,6.6
San Diego Chargers,SD,DST,6,6.5
New York Giants,NYG,DST,6,6.4
Indianapolis Colts,IND,DST,6,6.3
Carolina Panthers,CAR,DST,6,6.1
Washington Redskins,WAS,DST,6,5.8
Jacksonville Jaguars,JAX,DST,6,5.7
Cleveland Browns,CLE,DST,6,5.6
Atlanta Falcons,ATL,DST,6,5.6
Dallas Cowboys,DAL,DST,6,5.6
Green Bay Packers,GB,DST,6,5.5
Kansas City Chiefs,KC,DST,6,5.2
San Francisco 49ers,SF,DST,6,4.7
Miami Dolphins,MIA,DST,6,4.4
Houston Texans,HOU,DST,6,3.5
Detroit Lions,DET,DST,6,2.4
New Orleans Saints,NO,DST,6,2
Cincinnati Bengals,CIN,DST,6,0.9
Andy Dalton,CIN,QB,7,20.3
Matt Ryan,ATL,QB,7,20.1
Tom Brady,NE,QB,7,20.09
Matthew Stafford,DET,QB,7,19.47
Aaron Rodgers,GB,QB,7,19.05
Kirk Cousins,WAS,QB,7,18.79
Andrew Luck,IND,QB,7,18.4
Marcus Mariota,TEN,QB,7,18.32
Drew Brees,NO,QB,7,18.18
Philip Rivers,SD,QB,7,17.99
Blake Bortles,JAX,QB,7,17.99
Tyrod Taylor,BUF,QB,7,17.6
Derek Carr,OAK,QB,7,17.28
Alex Smith,KC,QB,7,16.71
Eli Manning,NYG,QB,7,16.05
Jameis Winston,TB,QB,7,15.84
Colin Kaepernick,SF,QB,7,15.58
Russell Wilson,SEA,QB,7,15.29
Brian Hoyer,CHI,QB,7,14.72
Joe Flacco,BAL,QB,7,14.68
Carson Palmer,ARI,QB,7,14.13
Carson Wentz,PHI,QB,7,14.08
Trevor Siemian,DEN,QB,7,13.93
Cody Kessler,CLE,QB,7,13.91
Landry Jones,PIT,QB,7,13.73
Sam Bradford,MIN,QB,7,13.39
Case Keenum,LA,QB,7,12.79
Ryan Tannehill,MIA,QB,7,12.49
Geno Smith,NYJ,QB,7,11.64
Brock Osweiler,HOU,QB,7,10.72
Blaine Gabbert,SF,QB,7,0.96
Ryan Fitzpatrick,NYJ,QB,7,0.9
DeMarco Murray,TEN,RB,7,17.3
David Johnson,ARI,RB,7,14.81
Le'Veon Bell,PIT,RB,7,14.79
Devonta Freeman,ATL,RB,7,13.48
Spencer Ware,KC,RB,7,13.26
Todd Gurley,LA,RB,7,12.69
Melvin Gordon,SD,RB,7,12.51
CJ Anderson,DEN,RB,7,12.5
Lamar Miller,HOU,RB,7,12.1
Jacquizz Rodgers,TB,RB,7,11.65
Christine Michael,SEA,RB,7,11.28
Mark Ingram,NO,RB,7,11.23
Jeremy Hill,CIN,RB,7,11.03
Frank Gore,IND,RB,7,10.75
Mike Gillislee,BUF,RB,7,10.65
Matt Jones,WAS,RB,7,10.51
Isaiah Crowell,CLE,RB,7,10.22
Tevin Coleman,ATL,RB,7,10.21
Jordan Howard,CHI,RB,7,10.13
Jerick McKinnon,MIN,RB,7,9.81
Giovani Bernard,CIN,RB,7,9.8
Terrance West,BAL,RB,7,9.58
Mike Davis,SF,RB,7,9.54
LeGarrette Blount,NE,RB,7,9.46
Matt Forte,NYJ,RB,7,9.44
Jay Ajayi,MIA,RB,7,9.24
TJ Yeldon,JAX,RB,7,8.81
James White,NE,RB,7,8.8
Jamaal Charles,KC,RB,7,8.64
Rashad Jennings,NYG,RB,7,8.21
Latavius Murray,OAK,RB,7,7.84
Chris Ivory,JAX,RB,7,7.58
Duke Johnson,CLE,RB,7,7.32
Ryan Mathews,PHI,RB,7,6.81
Zach Zenner,DET,RB,7,6.66
Matt Asiata,MIN,RB,7,6.53
Shaun Draughn,SF,RB,7,6.51
Bilal Powell,NYJ,RB,7,5.96
Don Jackson,GB,RB,7,5.94
Deandre Washington,OAK,RB,7,5.84
Bobby Rainey,NYG,RB,7,5.78
Devontae Booker,DEN,RB,7,5.6
Chris Thompson,WAS,RB,7,5.44
Darren Sproles,PHI,RB,7,5.36
Jalen Richard,OAK,RB,7,5.18
Arian Foster,MIA,RB,7,5.06
Derrick Henry,TEN,RB,7,4.2
Justin Forsett,DET,RB,7,3.68
Robert Turbin,IND,RB,7,3.55
Reggie Bush,BUF,RB,7,3.37
Julio Jones,ATL,WR,7,13.63
AJ Green,CIN,WR,7,13.44
TY Hilton,IND,WR,7,11.87
Allen Robinson,JAX,WR,7,11.6
Odell Beckham Jr,NYG,WR,7,11.6
Mike Evans,TB,WR,7,11.51
Amari Cooper,OAK,WR,7,11.51
Marvin Jones,DET,WR,7,11.4
Antonio Brown,PIT,WR,7,11.25
Brandin Cooks,NO,WR,7,11.01
Jordy Nelson,GB,WR,7,10.59
Emmanuel Sanders,DEN,WR,7,10.32
Brandon Marshall,NYJ,WR,7,10.19
Larry Fitzgerald,ARI,WR,7,9.74
Alshon Jeffery,CHI,WR,7,9.66
DeAndre Hopkins,HOU,WR,7,9.27
Jeremy Maclin,KC,WR,7,9.25
Travis Benjamin,SD,WR,7,9.11
Doug Baldwin,SEA,WR,7,8.97
Randall Cobb,GB,WR,7,8.93
Julian Edelman,NE,WR,7,8.81
DeSean Jackson,WAS,WR,7,8.77
Michael Crabtree,OAK,WR,7,8.44
Jarvis Landry,MIA,WR,7,8.26
Cameron Meredith,CHI,WR,7,8.23
Willie Snead,NO,WR,7,8.2
Tyrell Williams,SD,WR,7,8.11
Mike Wallace,BAL,WR,7,8.03
Demaryius Thomas,DEN,WR,7,7.94
Terrelle Pryor,CLE,WR,7,7.92
Golden Tate,DET,WR,7,7.77
Pierre Garcon,WAS,WR,7,7.58
Anquan Boldin,DET,WR,7,7.49
Stefon Diggs,MIN,WR,7,7.44
Kenny Britt,LA,WR,7,7.2
Jordan Matthews,PHI,WR,7,7.18
Ty Montgomery,GB,WR,7,7.1
Jamison Crowder,WAS,WR,7,6.99
Marquise Goodwin,BUF,WR,7,6.91
Tavon Austin,LA,WR,7,6.56
Sammie Coates,PIT,WR,7,6.56
Quincy Enunwa,NYJ,WR,7,6.35
Rishard Matthews,TEN,WR,7,6.15
Allen Hurns,JAX,WR,7,6.1
Will Fuller,HOU,WR,7,5.93
Chris Hogan,NE,WR,7,5.82
Sterling Shepard,NYG,WR,7,5.82
Devante Parker,MIA,WR,7,5.55
Torrey Smith,SF,WR,7,5.45
Brandon LaFell,CIN,WR,7,5.24
Rob Gronkowski,NE,TE,7,12.13
Zach Miller,CHI,TE,7,8.62
Delanie Walker,TEN,TE,7,7.58
Hunter Henry,SD,TE,7,7.47
Travis Kelce,KC,TE,7,7.05
Jack Doyle,IND,TE,7,6.95
Cameron Brate,TB,TE,7,6.92
Vernon Davis,WAS,TE,7,6.87
Dennis Pitta,BAL,TE,7,6.49
Gary Barnidge,CLE,TE,7,6.47
Martellus Bennett,NE,TE,7,6.43
Antonio Gates,SD,TE,7,6.28
Coby Fleener,NO,TE,7,6.23
Tyler Eifert,CIN,TE,7,6.1
Kyle Rudolph,MIN,TE,7,5.72
Zach Ertz,PHI,TE,7,5.7
Jimmy Graham,SEA,TE,7,5.41
CJ Fiedorowicz,HOU,TE,7,4.95
Vance McDonald,SF,TE,7,4.84
Lance Kendricks,LA,TE,7,4.32
Charles Clay,BUF,TE,7,4.23
Jacob Tamme,ATL,TE,7,4.17
Julius Thomas,JAX,TE,7,4.11
Larry Donnell,NYG,TE,7,4.05
Richard Rodgers,GB,TE,7,3.95
Virgil Green,DEN,TE,7,3.49
Jesse James,PIT,TE,7,3.32
Will Tye,NYG,TE,7,3.23
Clive Walford,OAK,TE,7,3.19
Crockett Gillmore,BAL,TE,7,3.15
MarQueis Gray,MIA,TE,7,2.83
Garrett Celek,SF,TE,7,2.46
Mike Nugent,CIN,K,7,8.4
Dan Carpenter,BUF,K,7,8.2
Stephen Gostkowski,NE,K,7,8.2
Mason Crosby,GB,K,7,8
Matt Bryant,ATL,K,7,8
Adam Vinatieri,IND,K,7,7.9
Ryan Succop,TEN,K,7,7.9
Matt Prater,DET,K,7,7.8
Dustin Hopkins,WAS,K,7,7.7
Sebastian Janikowski,OAK,K,7,7.6
Josh Lambo,SD,K,7,7.6
Blair Walsh,MIN,K,7,7.4
Phil Dawson,SF,K,7,7.3
Cairo Santos,KC,K,7,7.2
Chris Boswell,PIT,K,7,7
Chandler Catanzaro,ARI,K,7,7
Nick Folk,NYJ,K,7,6.9
Justin Tucker,BAL,K,7,6.9
Greg Zuerlein,LA,K,7,6.8
Wil Lutz,NO,K,7,6.7
Cody Parkey,CLE,K,7,6.4
Roberto Aguayo,TB,K,7,6.4
Robbie Gould,NYG,K,7,6.4
Steven Hauschka,SEA,K,7,6.3
Caleb Sturgis,PHI,K,7,6.3
Jason Myers,JAX,K,7,6.3
Brandon McManus,DEN,K,7,6.1
Andrew Franks,MIA,K,7,5.9
Connor Barth,CHI,K,7,5.8
Nick Novak,HOU,K,7,5.3
Josh Brown,NYG,K,7,0
Patrick Murray,CLE,K,7,0
Denver Broncos,DEN,DST,7,9.3
Buffalo Bills,BUF,DST,7,9.2
Minnesota Vikings,MIN,DST,7,8.9
Cincinnati Bengals,CIN,DST,7,8.8
Baltimore Ravens,BAL,DST,7,8
Tennessee Titans,TEN,DST,7,7.6
Green Bay Packers,GB,DST,7,7.4
New York Giants,NYG,DST,7,7.3
Oakland Raiders,OAK,DST,7,7.2
Los Angeles Rams,LA,DST,7,7.2
Tampa Bay Buccaneers,TB,DST,7,7.1
Arizona Cardinals,ARI,DST,7,7.1
New Orleans Saints,NO,DST,7,6.8
Washington Redskins,WAS,DST,7,6.7
Kansas City Chiefs,KC,DST,7,6.7
Houston Texans,HOU,DST,7,6.5
Philadelphia Eagles,PHI,DST,7,6.2
New York Jets,NYJ,DST,7,5.9
Cleveland Browns,CLE,DST,7,5.8
San Francisco 49ers,SF,DST,7,5.8
Detroit Lions,DET,DST,7,5.6
Atlanta Falcons,ATL,DST,7,5.6
Miami Dolphins,MIA,DST,7,5.4
Indianapolis Colts,IND,DST,7,5.3
Chicago Bears,CHI,DST,7,5.2
Jacksonville Jaguars,JAX,DST,7,5
Pittsburgh Steelers,PIT,DST,7,4.8
San Diego Chargers,SD,DST,7,4.3
New England Patriots,NE,DST,7,3.5
Seattle Seahawks,SEA,DST,7,3
Aaron Rodgers,GB,QB,8,20.78
Matt Ryan,ATL,QB,8,20.26
Tom Brady,NE,QB,8,19.93
Matthew Stafford,DET,QB,8,19.34
Andy Dalton,CIN,QB,8,19.1
Drew Brees,NO,QB,8,19.02
Derek Carr,OAK,QB,8,18.75
Russell Wilson,SEA,QB,8,18.61
Cam Newton,CAR,QB,8,18.37
Andrew Luck,IND,QB,8,18.27
Tyrod Taylor,BUF,QB,8,16.88
Marcus Mariota,TEN,QB,8,16.43
Carson Palmer,ARI,QB,8,16.24
Kirk Cousins,WAS,QB,8,16.13
Dak Prescott,DAL,QB,8,16.02
Alex Smith,KC,QB,8,15.94
Ryan Fitzpatrick,NYJ,QB,8,15.68
Jameis Winston,TB,QB,8,15.46
Carson Wentz,PHI,QB,8,15.07
Brock Osweiler,HOU,QB,8,14.83
Blake Bortles,JAX,QB,8,14.7
Sam Bradford,MIN,QB,8,14.47
Philip Rivers,SD,QB,8,14.1
Trevor Siemian,DEN,QB,8,13.1
Josh McCown,CLE,QB,8,12.92
Jay Cutler,CHI,QB,8,9.5
Jimmy Garoppolo,NE,QB,8,0.94
Colt McCoy,WAS,QB,8,0.81
Nick Foles,KC,QB,8,0.8
Paxton Lynch,DEN,QB,8,0.76
Mike Glennon,TB,QB,8,0.75
AJ McCarron,CIN,QB,8,0.74
DeMarco Murray,TEN,RB,8,16.26
David Johnson,ARI,RB,8,16.21
Ezekiel Elliott,DAL,RB,8,15.93
Spencer Ware,KC,RB,8,15.64
Devonta Freeman,ATL,RB,8,14.79
Matt Forte,NYJ,RB,8,14.08
Christine Michael,SEA,RB,8,13.95
Devontae Booker,DEN,RB,8,13.06
Lamar Miller,HOU,RB,8,12.28
Frank Gore,IND,RB,8,11.92
Melvin Gordon,SD,RB,8,11.86
Matt Asiata,MIN,RB,8,11.2
Jacquizz Rodgers,TB,RB,8,11.17
Latavius Murray,OAK,RB,8,10.17
Mark Ingram,NO,RB,8,10.16
Mike Gillislee,BUF,RB,8,9.86
LeGarrette Blount,NE,RB,8,9.74
Giovani Bernard,CIN,RB,8,9.73
Theo Riddick,DET,RB,8,9.35
Jeremy Hill,CIN,RB,8,9.18
James White,NE,RB,8,9.15
Jonathan Stewart,CAR,RB,8,9.13
Isaiah Crowell,CLE,RB,8,9
Rob Kelley,WAS,RB,8,8.53
Chris Thompson,WAS,RB,8,8.15
Ryan Mathews,PHI,RB,8,7.51
Bilal Powell,NYJ,RB,8,7.2
Duke Johnson,CLE,RB,8,6.94
TJ Yeldon,JAX,RB,8,6.01
Charcandrick West,KC,RB,8,5.95
Chris Ivory,JAX,RB,8,5.52
Darren Sproles,PHI,RB,8,5.42
Ronnie Hillman,MIN,RB,8,4.85
Kapri Bibbs,DEN,RB,8,4.76
Jordan Howard,CHI,RB,8,4.47
CJ Prosise,SEA,RB,8,4.31
Reggie Bush,BUF,RB,8,4.13
Alfred Blue,HOU,RB,8,4.08
Deandre Washington,OAK,RB,8,3.96
Ka'Deem Carey,CHI,RB,8,3.88
Peyton Barber,TB,RB,8,3.88
Terron Ward,ATL,RB,8,3.75
Derrick Henry,TEN,RB,8,3.75
Robert Turbin,IND,RB,8,3.54
Knile Davis,GB,RB,8,3.4
Jeremy Langford,CHI,RB,8,3.22
Jalen Richard,OAK,RB,8,3.12
Fozzy Whittaker,CAR,RB,8,2.97
Alfred Morris,DAL,RB,8,2.81
Travaris Cadet,NO,RB,8,2.53
Julio Jones,ATL,WR,8,14.22
Mike Evans,TB,WR,8,13.68
AJ Green,CIN,WR,8,13.11
Amari Cooper,OAK,WR,8,12.09
Larry Fitzgerald,ARI,WR,8,12.02
TY Hilton,IND,WR,8,11.73
DeAndre Hopkins,HOU,WR,8,11.66
Jordy Nelson,GB,WR,8,10.96
Marvin Jones,DET,WR,8,10.71
Allen Robinson,JAX,WR,8,10.43
Doug Baldwin,SEA,WR,8,10.32
Dez Bryant,DAL,WR,8,10.17
Brandon Marshall,NYJ,WR,8,10.16
Emmanuel Sanders,DEN,WR,8,9.61
Michael Crabtree,OAK,WR,8,9.58
Julian Edelman,NE,WR,8,9.55
Jordan Matthews,PHI,WR,8,9.39
Brandin Cooks,NO,WR,8,9.32
Alshon Jeffery,CHI,WR,8,9.29
Terrelle Pryor,CLE,WR,8,9.26
Kelvin Benjamin,CAR,WR,8,9.19
Demaryius Thomas,DEN,WR,8,9.11
Davante Adams,GB,WR,8,8.91
Stefon Diggs,MIN,WR,8,8.66
Quincy Enunwa,NYJ,WR,8,8.26
Willie Snead,NO,WR,8,8.18
Jeremy Maclin,KC,WR,8,8.1
Michael Thomas,NO,WR,8,8.02
Golden Tate,DET,WR,8,8
Tyrell Williams,SD,WR,8,7.83
Will Fuller,HOU,WR,8,7.51
Jamison Crowder,WAS,WR,8,7.32
Pierre Garcon,WAS,WR,8,6.98
Anquan Boldin,DET,WR,8,6.92
DeSean Jackson,WAS,WR,8,6.85
Brandon LaFell,CIN,WR,8,6.75
Michael Floyd,ARI,WR,8,6.73
John Brown,ARI,WR,8,6.71
Robert Woods,BUF,WR,8,6.53
Donte Moncrief,IND,WR,8,6.45
Cole Beasley,DAL,WR,8,6.24
Travis Benjamin,SD,WR,8,5.87
Terrance Williams,DAL,WR,8,5.75
Rishard Matthews,TEN,WR,8,5.72
Mohamed Sanu,ATL,WR,8,5.64
Justin Hunter,BUF,WR,8,5.57
Cameron Meredith,CHI,WR,8,5.15
Chris Hogan,NE,WR,8,5.05
Marqise Lee,JAX,WR,8,4.77
Adam Thielen,MIN,WR,8,4.44
Rob Gronkowski,NE,TE,8,10.75
Jordan Reed,WAS,TE,8,9.06
Greg Olsen,CAR,TE,8,8.68
Travis Kelce,KC,TE,8,7.08
Cameron Brate,TB,TE,8,6.97
Delanie Walker,TEN,TE,8,6.9
Jack Doyle,IND,TE,8,6.79
Gary Barnidge,CLE,TE,8,6.78
CJ Fiedorowicz,HOU,TE,8,6.68
Zach Miller,CHI,TE,8,6.63
Antonio Gates,SD,TE,8,6.56
Julius Thomas,JAX,TE,8,6.49
Coby Fleener,NO,TE,8,6.22
Jimmy Graham,SEA,TE,8,6.21
Tyler Eifert,CIN,TE,8,6
Zach Ertz,PHI,TE,8,5.95
Kyle Rudolph,MIN,TE,8,5.48
Martellus Bennett,NE,TE,8,5.09
Jacob Tamme,ATL,TE,8,4.73
Vernon Davis,WAS,TE,8,4.5
Richard Rodgers,GB,TE,8,4.06
Hunter Henry,SD,TE,8,4
Eric Ebron,DET,TE,8,3.96
Charles Clay,BUF,TE,8,3.78
Virgil Green,DEN,TE,8,3.26
Jason Witten,DAL,TE,8,3.16
Clive Walford,OAK,TE,8,2.96
Brent Celek,PHI,TE,8,2.39
Erik Swoope,IND,TE,8,2.31
Marcedes Lewis,JAX,TE,8,2.2
Ryan Griffin,HOU,TE,8,2.2
Jermaine Gresham,ARI,TE,8,2.17
Dustin Hopkins,WAS,K,8,8.1
Matt Bryant,ATL,K,8,7.9
Mason Crosby,GB,K,8,7.8
Sebastian Janikowski,OAK,K,8,7.8
Mike Nugent,CIN,K,8,7.7
Caleb Sturgis,PHI,K,8,7.7
Matt Prater,DET,K,8,7.6
Nick Novak,HOU,K,8,7.6
Adam Vinatieri,IND,K,8,7.5
Cody Parkey,CLE,K,8,7.5
Blair Walsh,MIN,K,8,7.4
Cairo Santos,KC,K,8,7.4
Steven Hauschka,SEA,K,8,7.3
Chandler Catanzaro,ARI,K,8,7.3
Nick Folk,NYJ,K,8,7.1
Josh Lambo,SD,K,8,7.1
Jason Myers,JAX,K,8,7.1
Ryan Succop,TEN,K,8,6.8
Roberto Aguayo,TB,K,8,6.8
Dan Bailey,DAL,K,8,6.7
Dan Carpenter,BUF,K,8,6.6
Stephen Gostkowski,NE,K,8,6.4
Wil Lutz,NO,K,8,6.4
Brandon McManus,DEN,K,8,6.2
Graham Gano,CAR,K,8,6
Connor Barth,CHI,K,8,5.4
Patrick Murray,CLE,K,8,0
Marshall Morgan,BUF,K,8,0
Denver Broncos,DEN,DST,8,8.8
Arizona Cardinals,ARI,DST,8,8.7
Tennessee Titans,TEN,DST,8,8.7
Minnesota Vikings,MIN,DST,8,8.6
New York Jets,NYJ,DST,8,8.3
Carolina Panthers,CAR,DST,8,7.8
Detroit Lions,DET,DST,8,7.2
Washington Redskins,WAS,DST,8,6.9
Kansas City Chiefs,KC,DST,8,6.9
Oakland Raiders,OAK,DST,8,6.6
Atlanta Falcons,ATL,DST,8,6.5
Cleveland Browns,CLE,DST,8,6.4
Seattle Seahawks,SEA,DST,8,6.3
Philadelphia Eagles,PHI,DST,8,6.3
San Diego Chargers,SD,DST,8,6.2
Cincinnati Bengals,CIN,DST,8,6.1
Houston Texans,HOU,DST,8,6.1
Dallas Cowboys,DAL,DST,8,6.1
Indianapolis Colts,IND,DST,8,5.9
Chicago Bears,CHI,DST,8,5.7
Buffalo Bills,BUF,DST,8,5.6
Jacksonville Jaguars,JAX,DST,8,5.4
Green Bay Packers,GB,DST,8,5.2
New Orleans Saints,NO,DST,8,3.8
New England Patriots,NE,DST,8,2.4
Tampa Bay Buccaneers,TB,DST,8,2.4
Aaron Rodgers,GB,QB,9,22.86
Matt Ryan,ATL,QB,9,22.65
Drew Brees,NO,QB,9,21.29
Dak Prescott,DAL,QB,9,19.88
Philip Rivers,SD,QB,9,18.74
Cam Newton,CAR,QB,9,17.08
Andrew Luck,IND,QB,9,16.87
Colin Kaepernick,SF,QB,9,16.44
Sam Bradford,MIN,QB,9,16.28
Ryan Tannehill,MIA,QB,9,16.17
Russell Wilson,SEA,QB,9,15.88
Ben Roethlisberger,PIT,QB,9,15.86
Marcus Mariota,TEN,QB,9,15.71
Matthew Stafford,DET,QB,9,15.49
Derek Carr,OAK,QB,9,15.49
Tyrod Taylor,BUF,QB,9,15.09
Jameis Winston,TB,QB,9,14.98
Carson Wentz,PHI,QB,9,14.94
Trevor Siemian,DEN,QB,9,14.88
Cody Kessler,CLE,QB,9,14.83
Nick Foles,KC,QB,9,14.56
Joe Flacco,BAL,QB,9,13.89
Ryan Fitzpatrick,NYJ,QB,9,13.75
Blake Bortles,JAX,QB,9,12.26
Eli Manning,NYG,QB,9,12.01
Case Keenum,LA,QB,9,11.37
Blaine Gabbert,SF,QB,9,0.97
Landry Jones,PIT,QB,9,0.94
Shaun Hill,MIN,QB,9,0.91
Josh McCown,CLE,QB,9,0.84
Jared Goff,LA,QB,9,0.81
Paxton Lynch,DEN,QB,9,0.77
Ezekiel Elliott,DAL,RB,9,19.06
Le'Veon Bell,PIT,RB,9,15.23
Charcandrick West,KC,RB,9,14.7
Devonta Freeman,ATL,RB,9,14.5
Devontae Booker,DEN,RB,9,14.27
Matt Forte,NYJ,RB,9,14.02
Todd Gurley,LA,RB,9,13.86
Melvin Gordon,SD,RB,9,13.63
DeMarco Murray,TEN,RB,9,13.6
Christine Michael,SEA,RB,9,12.61
Mark Ingram,NO,RB,9,12.53
Jay Ajayi,MIA,RB,9,11.43
LeSean McCoy,BUF,RB,9,11.15
Jonathan Stewart,CAR,RB,9,10.36
Theo Riddick,DET,RB,9,10.14
Isaiah Crowell,CLE,RB,9,9.79
Frank Gore,IND,RB,9,9.74
Antone Smith,TB,RB,9,9.47
Terrance West,BAL,RB,9,9.45
Latavius Murray,OAK,RB,9,9.33
Jerick McKinnon,MIN,RB,9,9.09
DuJuan Harris,SF,RB,9,9
Rashad Jennings,NYG,RB,9,8.36
Matt Asiata,MIN,RB,9,7.75
Darren Sproles,PHI,RB,9,7.46
Duke Johnson,CLE,RB,9,7.34
Terron Ward,ATL,RB,9,6.67
CJ Prosise,SEA,RB,9,6.64
Tim Hightower,NO,RB,9,6.4
Ryan Mathews,PHI,RB,9,6.3
Derrick Henry,TEN,RB,9,6.25
TJ Yeldon,JAX,RB,9,6.05
Mike Davis,SF,RB,9,5.84
Bilal Powell,NYJ,RB,9,5.61
Chris Ivory,JAX,RB,9,5.54
Peyton Barber,TB,RB,9,5.26
Aaron Ripkowski,GB,FB,9,5.03
Bobby Rainey,NYG,RB,9,4.51
Don Jackson,GB,RB,9,4.32
Jalen Richard,OAK,RB,9,4.12
Shaun Draughn,SF,RB,9,3.88
Alfred Morris,DAL,RB,9,3.71
Deandre Washington,OAK,RB,9,3.48
Robert Turbin,IND,RB,9,3.17
Zach Zenner,DET,RB,9,3.16
Paul Perkins,NYG,RB,9,3.16
Kenneth Dixon,BAL,RB,9,3.1
Fozzy Whittaker,CAR,RB,9,2.77
Kapri Bibbs,DEN,RB,9,2.76
Travaris Cadet,NO,RB,9,2.65
Julio Jones,ATL,WR,9,12.64
Antonio Brown,PIT,WR,9,12.25
Mike Evans,TB,WR,9,12.23
Dez Bryant,DAL,WR,9,11.68
TY Hilton,IND,WR,9,11.65
Odell Beckham Jr,NYG,WR,9,11.05
Jordy Nelson,GB,WR,9,10.87
Brandon Marshall,NYJ,WR,9,10.36
Amari Cooper,OAK,WR,9,10.33
Kelvin Benjamin,CAR,WR,9,10.3
Terrelle Pryor,CLE,WR,9,10.09
Emmanuel Sanders,DEN,WR,9,10.08
Brandin Cooks,NO,WR,9,9.97
Demaryius Thomas,DEN,WR,9,9.84
Stefon Diggs,MIN,WR,9,9.54
Michael Thomas,NO,WR,9,9.49
Marvin Jones,DET,WR,9,9.42
Doug Baldwin,SEA,WR,9,9.3
Michael Crabtree,OAK,WR,9,9.08
Ty Montgomery,GB,WR,9,9.06
Davante Adams,GB,WR,9,8.94
Quincy Enunwa,NYJ,WR,9,8.91
Mike Wallace,BAL,WR,9,8.9
Allen Robinson,JAX,WR,9,8.8
Jordan Matthews,PHI,WR,9,8.78
Willie Snead,NO,WR,9,8.71
Tyrell Williams,SD,WR,9,8.47
Jarvis Landry,MIA,WR,9,8.17
Jeremy Maclin,KC,WR,9,8.16
Travis Benjamin,SD,WR,9,7.52
Golden Tate,DET,WR,9,7.51
Donte Moncrief,IND,WR,9,7.33
Cole Beasley,DAL,WR,9,7.13
Kenny Britt,LA,WR,9,6.86
Terrance Williams,DAL,WR,9,6.7
Sammie Coates,PIT,WR,9,6.44
Allen Hurns,JAX,WR,9,6.4
Jeremy Kerley,SF,WR,9,6.26
Anquan Boldin,DET,WR,9,6.23
Steve Smith,BAL,WR,9,6.22
Corey Coleman,CLE,WR,9,6.09
Adam Thielen,MIN,WR,9,6.01
Kendall Wright,TEN,WR,9,5.99
Mohamed Sanu,ATL,WR,9,5.54
Justin Hunter,BUF,WR,9,5.52
Brian Quick,LA,WR,9,5.5
Tavon Austin,LA,WR,9,5.49
Devante Parker,MIA,WR,9,5.49
Robert Woods,BUF,WR,9,5.48
Rishard Matthews,TEN,WR,9,5.43
Greg Olsen,CAR,TE,9,8.63
Kyle Rudolph,MIN,TE,9,7.53
Antonio Gates,SD,TE,9,7.49
Cameron Brate,TB,TE,9,7.37
Jack Doyle,IND,TE,9,7.28
Eric Ebron,DET,TE,9,6.91
Delanie Walker,TEN,TE,9,6.85
Travis Kelce,KC,TE,9,6.74
Coby Fleener,NO,TE,9,6.64
Gary Barnidge,CLE,TE,9,6.1
Austin Hooper,ATL,TE,9,5.18
Lance Kendricks,LA,TE,9,5.13
Jason Witten,DAL,TE,9,5.1
Vance McDonald,SF,TE,9,4.87
Jimmy Graham,SEA,TE,9,4.71
Zach Ertz,PHI,TE,9,4.5
Dennis Pitta,BAL,TE,9,4.4
Julius Thomas,JAX,TE,9,4.26
Virgil Green,DEN,TE,9,4.02
Jesse James,PIT,TE,9,3.92
Richard Rodgers,GB,TE,9,3.55
Charles Clay,BUF,TE,9,3.51
Dwayne Allen,IND,TE,9,3.37
Larry Donnell,NYG,TE,9,3.32
Clive Walford,OAK,TE,9,2.97
Will Tye,NYG,TE,9,2.9
MarQueis Gray,MIA,TE,9,2.61
Garrett Celek,SF,TE,9,2.41
Marcedes Lewis,JAX,TE,9,2.19
Brent Celek,PHI,TE,9,2.14
Trey Burton,PHI,TE,9,1.99
Dominique Jones,MIA,TE,9,1.98
Mason Crosby,GB,K,9,8.5
Dan Bailey,DAL,K,9,8.4
Matt Bryant,ATL,K,9,8.3
Blair Walsh,MIN,K,9,8.2
Josh Lambo,SD,K,9,8
Phil Dawson,SF,K,9,7.4
Steven Hauschka,SEA,K,9,7.4
Adam Vinatieri,IND,K,9,7.2
Brandon McManus,DEN,K,9,7.2
Cairo Santos,KC,K,9,7.1
Justin Tucker,BAL,K,9,6.9
Caleb Sturgis,PHI,K,9,6.8
Wil Lutz,NO,K,9,6.8
Sebastian Janikowski,OAK,K,9,6.7
Ryan Succop,TEN,K,9,6.7
Chris Boswell,PIT,K,9,6.7
Dan Carpenter,BUF,K,9,6.6
Cody Parkey,CLE,K,9,6.6
Graham Gano,CAR,K,9,6.5
Matt Prater,DET,K,9,6.4
Greg Zuerlein,LA,K,9,6.3
Robbie Gould,NYG,K,9,6.2
Nick Folk,NYJ,K,9,6.1
Andrew Franks,MIA,K,9,6.1
Roberto Aguayo,TB,K,9,5.8
Jason Myers,JAX,K,9,5.6
Josh Brown,NYG,K,9,0
Patrick Murray,CLE,K,9,0
Marshall Morgan,BUF,K,9,0
Philadelphia Eagles,PHI,DST,9,10.6
Kansas City Chiefs,KC,DST,9,10.5
Dallas Cowboys,DAL,DST,9,8.7
Carolina Panthers,CAR,DST,9,8.4
Seattle Seahawks,SEA,DST,9,7.8
Baltimore Ravens,BAL,DST,9,7.4
Los Angeles Rams,LA,DST,9,7.4
Green Bay Packers,GB,DST,9,7.4
San Diego Chargers,SD,DST,9,6.9
Pittsburgh Steelers,PIT,DST,9,6.6
New York Jets,NYJ,DST,9,6.6
Buffalo Bills,BUF,DST,9,6.6
Tennessee Titans,TEN,DST,9,6.5
Atlanta Falcons,ATL,DST,9,6.3
Detroit Lions,DET,DST,9,6.3
New York Giants,NYG,DST,9,6.3
Jacksonville Jaguars,JAX,DST,9,5.8
New Orleans Saints,NO,DST,9,5.8
Oakland Raiders,OAK,DST,9,5.6
Tampa Bay Buccaneers,TB,DST,9,5
Indianapolis Colts,IND,DST,9,4.9
Minnesota Vikings,MIN,DST,9,4.2
San Francisco 49ers,SF,DST,9,3.9
Cleveland Browns,CLE,DST,9,3.8
Miami Dolphins,MIA,DST,9,3.5
Denver Broncos,DEN,DST,9,3.4
Aaron Rodgers,GB,QB,10,22.37
Dak Prescott,DAL,QB,10,20.17
Tom Brady,NE,QB,10,19.04
Carson Palmer,ARI,QB,10,18.62
Matt Ryan,ATL,QB,10,17.64
Drew Brees,NO,QB,10,17.6
Ben Roethlisberger,PIT,QB,10,17.52
Marcus Mariota,TEN,QB,10,16.92
Philip Rivers,SD,QB,10,16.23
Joe Flacco,BAL,QB,10,16.22
Andy Dalton,CIN,QB,10,16.15
Kirk Cousins,WAS,QB,10,16.01
Jameis Winston,TB,QB,10,15.87
Russell Wilson,SEA,QB,10,15.79
Trevor Siemian,DEN,QB,10,15.6
Blake Bortles,JAX,QB,10,15.4
Cam Newton,CAR,QB,10,15.14
Carson Wentz,PHI,QB,10,14.89
Alex Smith,KC,QB,10,14.73
Jay Cutler,CHI,QB,10,14.68
Colin Kaepernick,SF,QB,10,14.22
Sam Bradford,MIN,QB,10,13.95
Eli Manning,NYG,QB,10,13.79
Cody Kessler,CLE,QB,10,13.17
Ryan Tannehill,MIA,QB,10,13.15
Brock Osweiler,HOU,QB,10,12.71
Case Keenum,LA,QB,10,12.49
Bryce Petty,NYJ,QB,10,11.43
Ryan Fitzpatrick,NYJ,QB,10,10.38
Blaine Gabbert,SF,QB,10,0.95
Josh McCown,CLE,QB,10,0.85
Shaun Hill,MIN,QB,10,0.85
David Johnson,ARI,RB,10,23.32
Melvin Gordon,SD,RB,10,17.21
Le'Veon Bell,PIT,RB,10,15.96
Ezekiel Elliott,DAL,RB,10,15.61
DeMarco Murray,TEN,RB,10,14.46
Jay Ajayi,MIA,RB,10,13.67
Devonta Freeman,ATL,RB,10,12.9
Spencer Ware,KC,RB,10,12.73
Lamar Miller,HOU,RB,10,12.64
Matt Forte,NYJ,RB,10,12.61
Jordan Howard,CHI,RB,10,11.96
Todd Gurley,LA,RB,10,11.55
LeGarrette Blount,NE,RB,10,11.23
Devontae Booker,DEN,RB,10,11.01
Jonathan Stewart,CAR,RB,10,10.8
Terrance West,BAL,RB,10,10.7
Darren Sproles,PHI,RB,10,10.48
Doug Martin,TB,RB,10,9.85
Mark Ingram,NO,RB,10,9.42
Jeremy Hill,CIN,RB,10,9.1
Giovani Bernard,CIN,RB,10,9.09
Rashad Jennings,NYG,RB,10,8.8
Rob Kelley,WAS,RB,10,8.56
Isaiah Crowell,CLE,RB,10,8.37
Tim Hightower,NO,RB,10,8.26
Paul Perkins,NYG,RB,10,8.25
Carlos Hyde,SF,RB,10,7.94
CJ Prosise,SEA,RB,10,7.64
Chris Ivory,JAX,RB,10,7.61
James White,NE,RB,10,7.13
Jerick McKinnon,MIN,RB,10,7.09
Duke Johnson,CLE,RB,10,6.99
TJ Yeldon,JAX,RB,10,6.6
Christine Michael,SEA,RB,10,6.58
Kenneth Dixon,BAL,RB,10,6.48
Peyton Barber,TB,RB,10,6.39
Matt Asiata,MIN,RB,10,6.04
Kapri Bibbs,DEN,RB,10,5.78
Charcandrick West,KC,RB,10,5.68
DuJuan Harris,SF,RB,10,5.6
Chris Thompson,WAS,RB,10,5.42
Bilal Powell,NYJ,RB,10,5.17
Ryan Mathews,PHI,RB,10,4.66
James Starks,GB,RB,10,4.61
Damien Williams,MIA,RB,10,4.03
Derrick Henry,TEN,RB,10,3.84
Fozzy Whittaker,CAR,RB,10,3.79
Ka'Deem Carey,CHI,RB,10,3.7
Ronnie Hillman,MIN,RB,10,3.64
Andre Ellington,ARI,RB,10,3.61
Mike Evans,TB,WR,10,14.03
Julio Jones,ATL,WR,10,12.97
AJ Green,CIN,WR,10,12.75
Antonio Brown,PIT,WR,10,12.46
Odell Beckham Jr,NYG,WR,10,11.98
Stefon Diggs,MIN,WR,10,11.62
Jordy Nelson,GB,WR,10,11.57
Mike Wallace,BAL,WR,10,11.2
Dez Bryant,DAL,WR,10,10.95
Alshon Jeffery,CHI,WR,10,10.67
Larry Fitzgerald,ARI,WR,10,10.55
DeAndre Hopkins,HOU,WR,10,10.42
Allen Robinson,JAX,WR,10,10.32
Emmanuel Sanders,DEN,WR,10,10.29
Terrelle Pryor,CLE,WR,10,10.09
Demaryius Thomas,DEN,WR,10,10.04
Tyrell Williams,SD,WR,10,9.94
Randall Cobb,GB,WR,10,9.84
Doug Baldwin,SEA,WR,10,9.81
Brandon Marshall,NYJ,WR,10,9.74
Jordan Matthews,PHI,WR,10,9.66
Kelvin Benjamin,CAR,WR,10,9.62
Davante Adams,GB,WR,10,9.33
Rishard Matthews,TEN,WR,10,9.14
Kenny Britt,LA,WR,10,8.78
Brandin Cooks,NO,WR,10,8.76
Jarvis Landry,MIA,WR,10,8.66
Cole Beasley,DAL,WR,10,8.65
Ty Montgomery,GB,WR,10,8.65
Jamison Crowder,WAS,WR,10,8.5
Michael Thomas,NO,WR,10,8.29
Julian Edelman,NE,WR,10,8.23
Steve Smith,BAL,WR,10,8.18
Quincy Enunwa,NYJ,WR,10,8.03
Pierre Garcon,WAS,WR,10,7.89
John Brown,ARI,WR,10,7.1
Willie Snead,NO,WR,10,7
Brian Quick,LA,WR,10,6.99
Dontrelle Inman,SD,WR,10,6.89
Corey Coleman,CLE,WR,10,6.89
Adam Thielen,MIN,WR,10,6.78
Allen Hurns,JAX,WR,10,6.72
Tavon Austin,LA,WR,10,6.27
Kendall Wright,TEN,WR,10,6.2
Terrance Williams,DAL,WR,10,6.11
Sterling Shepard,NYG,WR,10,6.07
Brandon LaFell,CIN,WR,10,5.99
JJ Nelson,ARI,WR,10,5.88
Chris Hogan,NE,WR,10,5.55
Mohamed Sanu,ATL,WR,10,5.52
Rob Gronkowski,NE,TE,10,12.11
Jordan Reed,WAS,TE,10,10.83
Travis Kelce,KC,TE,10,8.85
Greg Olsen,CAR,TE,10,8.83
Delanie Walker,TEN,TE,10,8.54
Tyler Eifert,CIN,TE,10,7.42
Zach Miller,CHI,TE,10,7.34
Coby Fleener,NO,TE,10,6.6
Jimmy Graham,SEA,TE,10,6.48
Cameron Brate,TB,TE,10,6.25
Antonio Gates,SD,TE,10,6.07
Jason Witten,DAL,TE,10,6.04
Gary Barnidge,CLE,TE,10,5.97
Lance Kendricks,LA,TE,10,5.91
Kyle Rudolph,MIN,TE,10,5.86
CJ Fiedorowicz,HOU,TE,10,5.61
Zach Ertz,PHI,TE,10,5.54
Dennis Pitta,BAL,TE,10,5.29
Austin Hooper,ATL,TE,10,5.21
Martellus Bennett,NE,TE,10,5.09
Vernon Davis,WAS,TE,10,4.96
Vance McDonald,SF,TE,10,4.91
Julius Thomas,JAX,TE,10,4.82
Jesse James,PIT,TE,10,4.17
Will Tye,NYG,TE,10,3.75
Hunter Henry,SD,TE,10,3.65
Larry Donnell,NYG,TE,10,3.53
Virgil Green,DEN,TE,10,3.41
Richard Rodgers,GB,TE,10,3.37
Garrett Celek,SF,TE,10,2.67
Dion Sims,MIA,TE,10,2.28
Marcedes Lewis,JAX,TE,10,2.19
Mason Crosby,GB,K,10,8.3
Stephen Gostkowski,NE,K,10,8.1
Caleb Sturgis,PHI,K,10,8.1
Dan Bailey,DAL,K,10,7.9
Matt Bryant,ATL,K,10,7.7
Justin Tucker,BAL,K,10,7.3
Steven Hauschka,SEA,K,10,7.2
Dustin Hopkins,WAS,K,10,7.1
Josh Lambo,SD,K,10,7
Ryan Succop,TEN,K,10,6.9
Nick Novak,HOU,K,10,6.8
Chris Boswell,PIT,K,10,6.8
Chandler Catanzaro,ARI,K,10,6.8
Blair Walsh,MIN,K,10,6.7
Mike Nugent,CIN,K,10,6.6
Greg Zuerlein,LA,K,10,6.6
Connor Barth,CHI,K,10,6.5
Nick Folk,NYJ,K,10,6.5
Brandon McManus,DEN,K,10,6.5
Wil Lutz,NO,K,10,6.5
Robbie Gould,NYG,K,10,6.5
Phil Dawson,SF,K,10,6.4
Graham Gano,CAR,K,10,6.3
Andrew Franks,MIA,K,10,6.1
Cairo Santos,KC,K,10,6
Jason Myers,JAX,K,10,6
Cody Parkey,CLE,K,10,5.7
Roberto Aguayo,TB,K,10,5.7
Josh Brown,NYG,K,10,0
Patrick Murray,CLE,K,10,0
Arizona Cardinals,ARI,DST,10,10.3
Baltimore Ravens,BAL,DST,10,9.5
Los Angeles Rams,LA,DST,10,9.2
Kansas City Chiefs,KC,DST,10,8.6
Carolina Panthers,CAR,DST,10,8.5
Houston Texans,HOU,DST,10,8.2
New England Patriots,NE,DST,10,7.7
Denver Broncos,DEN,DST,10,7.6
Philadelphia Eagles,PHI,DST,10,7.6
New York Jets,NYJ,DST,10,7.6
Minnesota Vikings,MIN,DST,10,7.3
Washington Redskins,WAS,DST,10,7.2
San Diego Chargers,SD,DST,10,7.2
Cincinnati Bengals,CIN,DST,10,7
Dallas Cowboys,DAL,DST,10,6.9
Tampa Bay Buccaneers,TB,DST,10,6.9
Chicago Bears,CHI,DST,10,6.8
Atlanta Falcons,ATL,DST,10,6.8
Miami Dolphins,MIA,DST,10,6.8
Jacksonville Jaguars,JAX,DST,10,6.7
Green Bay Packers,GB,DST,10,6.6
New Orleans Saints,NO,DST,10,6.5
New York Giants,NYG,DST,10,6.3
Cleveland Browns,CLE,DST,10,6
Seattle Seahawks,SEA,DST,10,5.7
Tennessee Titans,TEN,DST,10,5.2
San Francisco 49ers,SF,DST,10,2.4
Pittsburgh Steelers,PIT,DST,10,0.5
Cam Newton,CAR,QB,11,22.43
Tom Brady,NE,QB,11,22.2
Andrew Luck,IND,QB,11,19.51
Marcus Mariota,TEN,QB,11,18.22
Aaron Rodgers,GB,QB,11,18.02
Ben Roethlisberger,PIT,QB,11,17.9
Dak Prescott,DAL,QB,11,17.88
Drew Brees,NO,QB,11,17.83
Russell Wilson,SEA,QB,11,16.88
Kirk Cousins,WAS,QB,11,16.77
Matthew Stafford,DET,QB,11,16.62
Tyrod Taylor,BUF,QB,11,16.3
Derek Carr,OAK,QB,11,16.29
Andy Dalton,CIN,QB,11,15.73
Eli Manning,NYG,QB,11,15.68
Blake Bortles,JAX,QB,11,15.45
Alex Smith,KC,QB,11,14.22
Colin Kaepernick,SF,QB,11,14.06
Jameis Winston,TB,QB,11,14.03
Ryan Tannehill,MIA,QB,11,13.4
Joe Flacco,BAL,QB,11,13.14
Carson Palmer,ARI,QB,11,12.94
Cody Kessler,CLE,QB,11,12.84
Brock Osweiler,HOU,QB,11,12.11
Jay Cutler,CHI,QB,11,11.97
Sam Bradford,MIN,QB,11,11.03
Carson Wentz,PHI,QB,11,10.32
Jared Goff,LA,QB,11,9.52
Nick Foles,KC,QB,11,0.91
Blaine Gabbert,SF,QB,11,0.82
Tony Romo,DAL,QB,11,0.79
Josh McCown,CLE,QB,11,0.76
Le'Veon Bell,PIT,RB,11,21
David Johnson,ARI,RB,11,16.45
DeMarco Murray,TEN,RB,11,15.8
Ezekiel Elliott,DAL,RB,11,15.73
Spencer Ware,KC,RB,11,15.39
LeSean McCoy,BUF,RB,11,15.07
LeGarrette Blount,NE,RB,11,15.07
Jay Ajayi,MIA,RB,11,13.69
Todd Gurley,LA,RB,11,12.2
Lamar Miller,HOU,RB,11,11.59
Isaiah Crowell,CLE,RB,11,11.33
Frank Gore,IND,RB,11,11.14
Theo Riddick,DET,RB,11,10.98
Jonathan Stewart,CAR,RB,11,10.77
Jordan Howard,CHI,RB,11,10.77
Latavius Murray,OAK,RB,11,10.56
Jeremy Hill,CIN,RB,11,10.29
CJ Prosise,SEA,RB,11,9.83
Doug Martin,TB,RB,11,9.77
Rob Kelley,WAS,RB,11,9.63
Carlos Hyde,SF,RB,11,9.6
Mark Ingram,NO,RB,11,9.46
Rashad Jennings,NYG,RB,11,8.77
Giovani Bernard,CIN,RB,11,8.47
James Starks,GB,RB,11,8
Terrance West,BAL,RB,11,7.46
Tim Hightower,NO,RB,11,7.28
Paul Perkins,NYG,RB,11,6.87
Duke Johnson,CLE,RB,11,6.84
James White,NE,RB,11,6.76
Darren Sproles,PHI,RB,11,6.7
TJ Yeldon,JAX,RB,11,6.54
Thomas Rawls,SEA,RB,11,6.4
Ryan Mathews,PHI,RB,11,6.34
Matt Asiata,MIN,RB,11,6.1
Chris Ivory,JAX,RB,11,6
Kenneth Dixon,BAL,RB,11,5.87
Chris Thompson,WAS,RB,11,5.5
Charcandrick West,KC,RB,11,5.18
Jerick McKinnon,MIN,RB,11,4.9
Dwayne Washington,DET,RB,11,4.61
Derrick Henry,TEN,RB,11,4.59
Jalen Richard,OAK,RB,11,3.96
Mike Gillislee,BUF,RB,11,3.89
Dion Lewis,NE,RB,11,3.87
Robert Turbin,IND,RB,11,3.86
Fozzy Whittaker,CAR,RB,11,3.8
DuJuan Harris,SF,RB,11,3.78
Benjamin Cunningham,LA,RB,11,3.78
Deandre Washington,OAK,RB,11,3.73
Antonio Brown,PIT,WR,11,15.58
AJ Green,CIN,WR,11,14.09
Odell Beckham Jr,NYG,WR,11,13.39
TY Hilton,IND,WR,11,13.13
Mike Evans,TB,WR,11,12.09
Dez Bryant,DAL,WR,11,11.65
Allen Robinson,JAX,WR,11,11.55
Jordy Nelson,GB,WR,11,11.5
Kelvin Benjamin,CAR,WR,11,11.26
Amari Cooper,OAK,WR,11,11.06
Terrelle Pryor,CLE,WR,11,10.97
Doug Baldwin,SEA,WR,11,10.87
Brandin Cooks,NO,WR,11,10.85
Larry Fitzgerald,ARI,WR,11,10.63
Julian Edelman,NE,WR,11,10.58
DeAndre Hopkins,HOU,WR,11,10.4
Michael Crabtree,OAK,WR,11,10.31
Golden Tate,DET,WR,11,9.9
Michael Thomas,NO,WR,11,9.85
Jordan Matthews,PHI,WR,11,9.76
Jarvis Landry,MIA,WR,11,9.66
Rishard Matthews,TEN,WR,11,9.61
Davante Adams,GB,WR,11,9.5
Randall Cobb,GB,WR,11,9.23
Donte Moncrief,IND,WR,11,9.17
Willie Snead,NO,WR,11,9.16
Stefon Diggs,MIN,WR,11,9.08
Jamison Crowder,WAS,WR,11,9.01
Marvin Jones,DET,WR,11,8.61
Mike Wallace,BAL,WR,11,8.31
Pierre Garcon,WAS,WR,11,8.3
Kenny Britt,LA,WR,11,8.17
Tyreek Hill,KC,WR,11,8.14
Cole Beasley,DAL,WR,11,8.11
Steve Smith,BAL,WR,11,7.99
Robert Woods,BUF,WR,11,7.45
Sterling Shepard,NYG,WR,11,7.14
Corey Coleman,CLE,WR,11,7.01
Eddie Royal,CHI,WR,11,6.84
DeSean Jackson,WAS,WR,11,6.83
Cameron Meredith,CHI,WR,11,6.68
Will Fuller,HOU,WR,11,6.68
Jeremy Kerley,SF,WR,11,6.65
Allen Hurns,JAX,WR,11,6.51
Tavon Austin,LA,WR,11,6.43
Eli Rogers,PIT,WR,11,6.33
Anquan Boldin,DET,WR,11,6.31
Adam Humphries,TB,WR,11,6.31
Adam Thielen,MIN,WR,11,6.28
Michael Floyd,ARI,WR,11,6.24
Greg Olsen,CAR,TE,11,10.46
Jordan Reed,WAS,TE,11,10.32
Delanie Walker,TEN,TE,11,9.68
Martellus Bennett,NE,TE,11,8.8
Tyler Eifert,CIN,TE,11,7.91
Travis Kelce,KC,TE,11,7.81
Jimmy Graham,SEA,TE,11,7.72
Zach Miller,CHI,TE,11,7.32
Eric Ebron,DET,TE,11,7.29
CJ Fiedorowicz,HOU,TE,11,6.54
Jason Witten,DAL,TE,11,6.17
Cameron Brate,TB,TE,11,6.06
Jack Doyle,IND,TE,11,6
Kyle Rudolph,MIN,TE,11,5.92
Dennis Pitta,BAL,TE,11,5.64
Coby Fleener,NO,TE,11,5.62
Julius Thomas,JAX,TE,11,5.54
Zach Ertz,PHI,TE,11,5.41
Charles Clay,BUF,TE,11,5.08
Ladarius Green,PIT,TE,11,5.05
Gary Barnidge,CLE,TE,11,4.95
Dwayne Allen,IND,TE,11,4.82
Lance Kendricks,LA,TE,11,4.46
Vance McDonald,SF,TE,11,4.31
Vernon Davis,WAS,TE,11,4.23
Will Tye,NYG,TE,11,4.12
Jared Cook,GB,TE,11,3.58
Ryan Griffin,HOU,TE,11,3.25
Jesse James,PIT,TE,11,3.12
Jermaine Gresham,ARI,TE,11,3.05
Josh Hill,NO,TE,11,2.91
Clive Walford,OAK,TE,11,2.86
Chris Boswell,PIT,K,11,6.9
Graham Gano,CAR,K,11,6.8
Sebastian Janikowski,OAK,K,11,6.7
Dan Bailey,DAL,K,11,6.7
Robbie Gould,NYG,K,11,5.5
Wil Lutz,NO,K,11,5.4
Stephen Gostkowski,NE,K,11,5.3
Ryan Succop,TEN,K,11,5.3
Andrew Franks,MIA,K,11,5.2
Jason Myers,JAX,K,11,5.2
Cairo Santos,KC,K,11,5
Adam Vinatieri,IND,K,11,4.6
Greg Zuerlein,LA,K,11,4.6
Matt Prater,DET,K,11,4.4
Dustin Hopkins,WAS,K,11,4.4
Mason Crosby,GB,K,11,4.3
Connor Barth,CHI,K,11,4.3
Nick Novak,HOU,K,11,3.8
Mike Nugent,CIN,K,11,3.8
Dan Carpenter,BUF,K,11,3.5
Chandler Catanzaro,ARI,K,11,3.5
Cody Parkey,CLE,K,11,3.4
Justin Tucker,BAL,K,11,3.3
Phil Dawson,SF,K,11,3.1
Steven Hauschka,SEA,K,11,3.1
Caleb Sturgis,PHI,K,11,2.9
Roberto Aguayo,TB,K,11,2.6
Kai Forbath,MIN,K,11,2.6
Josh Brown,NYG,K,11,0
Blair Walsh,MIN,K,11,0
Patrick Murray,CLE,K,11,0
Marshall Morgan,BUF,K,11,0
Kansas City Chiefs,KC,DST,11,9.3
New England Patriots,NE,DST,11,8.4
Dallas Cowboys,DAL,DST,11,8.4
Seattle Seahawks,SEA,DST,11,8.4
Pittsburgh Steelers,PIT,DST,11,8.3
Arizona Cardinals,ARI,DST,11,8.3
Miami Dolphins,MIA,DST,11,8.1
New York Giants,NYG,DST,11,8
Chicago Bears,CHI,DST,11,7.6
Philadelphia Eagles,PHI,DST,11,7.2
Tennessee Titans,TEN,DST,11,7.1
Oakland Raiders,OAK,DST,11,7.1
Tampa Bay Buccaneers,TB,DST,11,6.8
New Orleans Saints,NO,DST,11,6.7
Buffalo Bills,BUF,DST,11,6.4
Washington Redskins,WAS,DST,11,6.4
Carolina Panthers,CAR,DST,11,6
Cincinnati Bengals,CIN,DST,11,5.9
Baltimore Ravens,BAL,DST,11,5.8
Jacksonville Jaguars,JAX,DST,11,5.2
Minnesota Vikings,MIN,DST,11,4.9
Houston Texans,HOU,DST,11,4.7
San Francisco 49ers,SF,DST,11,3.6
Los Angeles Rams,LA,DST,11,2.4
Detroit Lions,DET,DST,11,2.3
Cleveland Browns,CLE,DST,11,1.6
Green Bay Packers,GB,DST,11,1.4
Indianapolis Colts,IND,DST,11,1.1
Tom Brady,NE,QB,12,18.96
Drew Brees,NO,QB,12,18.88
Ben Roethlisberger,PIT,QB,12,18.47
Dak Prescott,DAL,QB,12,18.46
Aaron Rodgers,GB,QB,12,18.14
Russell Wilson,SEA,QB,12,18.02
Derek Carr,OAK,QB,12,17.66
Marcus Mariota,TEN,QB,12,17.3
Cam Newton,CAR,QB,12,17.09
Kirk Cousins,WAS,QB,12,16.84
Eli Manning,NYG,QB,12,16.76
Matt Ryan,ATL,QB,12,16.18
Tyrod Taylor,BUF,QB,12,15.62
Matthew Stafford,DET,QB,12,15.6
Carson Palmer,ARI,QB,12,15.24
Colin Kaepernick,SF,QB,12,15.24
Ryan Tannehill,MIA,QB,12,15.11
Sam Bradford,MIN,QB,12,14.93
Carson Wentz,PHI,QB,12,14.76
Philip Rivers,SD,QB,12,14.57
Scott Tolzien,IND,QB,12,14.12
Jameis Winston,TB,QB,12,13.78
Joe Flacco,BAL,QB,12,13.54
Blake Bortles,JAX,QB,12,13.45
Josh McCown,CLE,QB,12,13.04
Andy Dalton,CIN,QB,12,12.76
Trevor Siemian,DEN,QB,12,12.63
Brock Osweiler,HOU,QB,12,12.26
Ryan Fitzpatrick,NYJ,QB,12,12.17
Alex Smith,KC,QB,12,11.42
Jared Goff,LA,QB,12,11.36
Matt Barkley,CHI,QB,12,8.65
Le'Veon Bell,PIT,RB,12,19.88
David Johnson,ARI,RB,12,18.89
Ezekiel Elliott,DAL,RB,12,18.23
Jay Ajayi,MIA,RB,12,17.57
Melvin Gordon,SD,RB,12,15.82
LeSean McCoy,BUF,RB,12,15.73
DeMarco Murray,TEN,RB,12,15.37
Spencer Ware,KC,RB,12,13.3
Thomas Rawls,SEA,RB,12,13
Rashad Jennings,NYG,RB,12,12.51
Lamar Miller,HOU,RB,12,12.05
Frank Gore,IND,RB,12,11.98
Devontae Booker,DEN,RB,12,11.59
Doug Martin,TB,RB,12,11.54
Devonta Freeman,ATL,RB,12,11.52
Matt Forte,NYJ,RB,12,11.49
Carlos Hyde,SF,RB,12,11.44
Rob Kelley,WAS,RB,12,11.09
Jordan Howard,CHI,RB,12,10.88
Todd Gurley,LA,RB,12,10.7
LeGarrette Blount,NE,RB,12,10.49
Isaiah Crowell,CLE,RB,12,10.14
Theo Riddick,DET,RB,12,10.07
Latavius Murray,OAK,RB,12,9.98
Jeremy Hill,CIN,RB,12,9.39
Chris Ivory,JAX,RB,12,9.28
Mark Ingram,NO,RB,12,9.26
Jonathan Stewart,CAR,RB,12,9.22
Terrance West,BAL,RB,12,9.1
Darren Sproles,PHI,RB,12,8.46
Tim Hightower,NO,RB,12,8.18
James Starks,GB,RB,12,7.7
Wendell Smallwood,PHI,RB,12,7.59
Tevin Coleman,ATL,RB,12,7.32
Jerick McKinnon,MIN,RB,12,7.3
Kenneth Dixon,BAL,RB,12,6.73
Matt Asiata,MIN,RB,12,6.56
Duke Johnson,CLE,RB,12,6.35
Bilal Powell,NYJ,RB,12,6.18
Paul Perkins,NYG,RB,12,6.12
Rex Burkhead,CIN,RB,12,5.08
Chris Thompson,WAS,RB,12,4.98
James White,NE,RB,12,4.98
TJ Yeldon,JAX,RB,12,4.82
Dwayne Washington,DET,RB,12,4.82
Dion Lewis,NE,RB,12,4.7
Alex Collins,SEA,RB,12,4.57
Jalen Richard,OAK,RB,12,4.2
Damien Williams,MIA,RB,12,4.13
Robert Turbin,IND,RB,12,3.74
Antonio Brown,PIT,WR,12,14.31
Odell Beckham Jr,NYG,WR,12,13.66
Julio Jones,ATL,WR,12,12.13
Amari Cooper,OAK,WR,12,11.87
Mike Evans,TB,WR,12,11.84
Dez Bryant,DAL,WR,12,11.82
Brandin Cooks,NO,WR,12,10.77
Larry Fitzgerald,ARI,WR,12,10.62
Jordy Nelson,GB,WR,12,10.56
Doug Baldwin,SEA,WR,12,10.5
Allen Robinson,JAX,WR,12,10.36
Kelvin Benjamin,CAR,WR,12,10.05
TY Hilton,IND,WR,12,10.04
Jordan Matthews,PHI,WR,12,9.75
DeAndre Hopkins,HOU,WR,12,9.74
Brandon Marshall,NYJ,WR,12,9.7
Terrelle Pryor,CLE,WR,12,9.56
Rishard Matthews,TEN,WR,12,9.52
Demaryius Thomas,DEN,WR,12,9.14
Julian Edelman,NE,WR,12,9.01
Michael Crabtree,OAK,WR,12,8.98
Emmanuel Sanders,DEN,WR,12,8.93
Tyrell Williams,SD,WR,12,8.89
Jarvis Landry,MIA,WR,12,8.78
Cole Beasley,DAL,WR,12,8.64
Kenny Britt,LA,WR,12,8.59
Steve Smith,BAL,WR,12,8.56
Adam Thielen,MIN,WR,12,8.49
Michael Thomas,NO,WR,12,8.44
Mike Wallace,BAL,WR,12,8.43
Jamison Crowder,WAS,WR,12,8.34
Golden Tate,DET,WR,12,8.31
Pierre Garcon,WAS,WR,12,8.11
Randall Cobb,GB,WR,12,7.71
Donte Moncrief,IND,WR,12,7.63
Marvin Jones,DET,WR,12,7.28
Devante Parker,MIA,WR,12,7.16
Willie Snead,NO,WR,12,7.09
Tyler Boyd,CIN,WR,12,7.04
Davante Adams,GB,WR,12,6.9
DeSean Jackson,WAS,WR,12,6.72
Sterling Shepard,NYG,WR,12,6.46
Adam Humphries,TB,WR,12,6.28
Sammy Watkins,BUF,WR,12,6.08
Brandon LaFell,CIN,WR,12,6.05
Corey Coleman,CLE,WR,12,5.89
Marqise Lee,JAX,WR,12,5.88
Tyreek Hill,KC,WR,12,5.83
Cameron Meredith,CHI,WR,12,5.7
Will Fuller,HOU,WR,12,5.66
Greg Olsen,CAR,TE,12,9.82
Jordan Reed,WAS,TE,12,9.68
Delanie Walker,TEN,TE,12,8.41
Tyler Eifert,CIN,TE,12,8.33
Rob Gronkowski,NE,TE,12,8.09
Jimmy Graham,SEA,TE,12,8.08
Antonio Gates,SD,TE,12,7.98
Kyle Rudolph,MIN,TE,12,7.28
Travis Kelce,KC,TE,12,7.12
Eric Ebron,DET,TE,12,6.79
Jason Witten,DAL,TE,12,6.62
CJ Fiedorowicz,HOU,TE,12,6.6
Zach Ertz,PHI,TE,12,6.44
Martellus Bennett,NE,TE,12,6.04
Cameron Brate,TB,TE,12,5.77
Dennis Pitta,BAL,TE,12,5.51
Vance McDonald,SF,TE,12,5.43
Gary Barnidge,CLE,TE,12,4.96
Austin Hooper,ATL,TE,12,4.93
Jack Doyle,IND,TE,12,4.85
Lance Kendricks,LA,TE,12,4.65
Charles Clay,BUF,TE,12,4.51
Jared Cook,GB,TE,12,4.5
Will Tye,NYG,TE,12,4.41
Coby Fleener,NO,TE,12,4.4
Hunter Henry,SD,TE,12,4.2
Ladarius Green,PIT,TE,12,4.1
Dwayne Allen,IND,TE,12,3.98
Jermaine Gresham,ARI,TE,12,3.79
Clive Walford,OAK,TE,12,3.72
Jesse James,PIT,TE,12,3.33
Vernon Davis,WAS,TE,12,3.26
Stephen Gostkowski,NE,K,12,7.7
Robbie Gould,NYG,K,12,7
Chris Boswell,PIT,K,12,6.5
Chandler Catanzaro,ARI,K,12,6.5
Andrew Franks,MIA,K,12,6.5
Justin Tucker,BAL,K,12,6.2
Josh Lambo,SD,K,12,6.2
Dan Bailey,DAL,K,12,6
Steven Hauschka,SEA,K,12,5.9
Kai Forbath,MIN,K,12,5.9
Sebastian Janikowski,OAK,K,12,5.6
Wil Lutz,NO,K,12,5.4
Dan Carpenter,BUF,K,12,5.1
Nick Novak,HOU,K,12,5
Greg Zuerlein,LA,K,12,5
Phil Dawson,SF,K,12,4.3
Connor Barth,CHI,K,12,4.3
Cody Parkey,CLE,K,12,4.3
Dustin Hopkins,WAS,K,12,3.9
Brandon McManus,DEN,K,12,3.9
Mason Crosby,GB,K,12,3.8
Matt Bryant,ATL,K,12,3.8
Graham Gano,CAR,K,12,3.8
Caleb Sturgis,PHI,K,12,3.8
Ryan Succop,TEN,K,12,3.6
Matt Prater,DET,K,12,2.9
Adam Vinatieri,IND,K,12,2.9
Cairo Santos,KC,K,12,2.9
Nick Folk,NYJ,K,12,2.6
Mike Nugent,CIN,K,12,2.6
Jason Myers,JAX,K,12,2.6
Roberto Aguayo,TB,K,12,2
Buffalo Bills,BUF,DST,12,9.6
Philadelphia Eagles,PHI,DST,12,9.4
New York Giants,NYG,DST,12,9.3
Kansas City Chiefs,KC,DST,12,8.8
Houston Texans,HOU,DST,12,8.8
Denver Broncos,DEN,DST,12,8.8
New England Patriots,NE,DST,12,8.5
New Orleans Saints,NO,DST,12,8.5
Miami Dolphins,MIA,DST,12,8.3
Cincinnati Bengals,CIN,DST,12,8
Seattle Seahawks,SEA,DST,12,7.9
Pittsburgh Steelers,PIT,DST,12,7.5
Baltimore Ravens,BAL,DST,12,7.4
San Diego Chargers,SD,DST,12,7.3
Minnesota Vikings,MIN,DST,12,7.2
Atlanta Falcons,ATL,DST,12,6.8
Oakland Raiders,OAK,DST,12,6.5
Arizona Cardinals,ARI,DST,12,6.4
Green Bay Packers,GB,DST,12,6.4
Tampa Bay Buccaneers,TB,DST,12,6.3
Los Angeles Rams,LA,DST,12,5.7
Carolina Panthers,CAR,DST,12,5.7
Detroit Lions,DET,DST,12,5.5
San Francisco 49ers,SF,DST,12,5.3
Dallas Cowboys,DAL,DST,12,5.3
Chicago Bears,CHI,DST,12,5.2
Cleveland Browns,CLE,DST,12,5.2
Jacksonville Jaguars,JAX,DST,12,4.9
Washington Redskins,WAS,DST,12,3.7
Tennessee Titans,TEN,DST,12,3.2
Indianapolis Colts,IND,DST,12,1.7
New York Jets,NYJ,DST,12,0.6